value,href,category
somc______,https://www.instagram.com/somc______,러닝
ppeumppeum,https://www.instagram.com/ppeumppeum,러닝
kmocha_run,https://www.instagram.com/kmocha_run,러닝
yeaaaaaah_d,https://www.instagram.com/yeaaaaaah_d,러닝
in0429,https://www.instagram.com/in0429,러닝
jj._.hyuning,https://www.instagram.com/jj._.hyuning,러닝
luv.min,https://www.instagram.com/luv.min,러닝
gaxhyeon,https://www.instagram.com/gaxhyeon,러닝
yunjeong.72211,https://www.instagram.com/yunjeong.72211,러닝
leehyejindiary,https://www.instagram.com/leehyejindiary,러닝
nurrunng,https://www.instagram.com/nurrunng,러닝
leeujinnn,https://www.instagram.com/leeujinnn,러닝
20.5_tm,https://www.instagram.com/20.5_tm,러닝
yeonrunhwi,https://www.instagram.com/yeonrunhwi,러닝
yuiode__,https://www.instagram.com/yuiode__,러닝
ryong_xx,https://www.instagram.com/ryong_xx,러닝
nelli_ppak,https://www.instagram.com/nelli_ppak,러닝
runner_imba,https://www.instagram.com/runner_imba,러닝
g_kskk,https://www.instagram.com/g_kskk,러닝
kieferella,https://www.instagram.com/kieferella,러닝
_0elb_,https://www.instagram.com/_0elb_,러닝
lsoyeoni,https://www.instagram.com/lsoyeoni,러닝
ssangdi_runner,https://www.instagram.com/ssangdi_runner,러닝
classic__an,https://www.instagram.com/classic__an,러닝
trifit.coach.lee,https://www.instagram.com/trifit.coach.lee,러닝
hyejin_7931,https://www.instagram.com/hyejin_7931,러닝
dl_dbwjd_,https://www.instagram.com/dl_dbwjd_,러닝
seoul_marathon,https://www.instagram.com/seoul_marathon,러닝
run.hippo,https://www.instagram.com/run.hippo,러닝
taksama33,https://www.instagram.com/taksama33,러닝
jemog18,https://www.instagram.com/jemog18,러닝
rara_daily.fit,https://www.instagram.com/rara_daily.fit,러닝
kxngsoon,https://www.instagram.com/kxngsoon,러닝
kang_mayo,https://www.instagram.com/kang_mayo,러닝
unniya_9,https://www.instagram.com/unniya_9,러닝
beneficial_run,https://www.instagram.com/beneficial_run,러닝
yeounjin2664,https://www.instagram.com/yeounjin2664,러닝
yuna__ax,https://www.instagram.com/yuna__ax,러닝
universalkorea,https://www.instagram.com/universalkorea,러닝
run._.hyein,https://www.instagram.com/run._.hyein,러닝
jin.hee__,https://www.instagram.com/jin.hee__,러닝
dal._ssong,https://www.instagram.com/dal._ssong,러닝
soo_dal_99,https://www.instagram.com/soo_dal_99,러닝
god_y.w,https://www.instagram.com/god_y.w,러닝
_luna._.j,https://www.instagram.com/_luna._.j,러닝
hyeppiness_,https://www.instagram.com/hyeppiness_,러닝
iron_bong,https://www.instagram.com/iron_bong,러닝
kiwwinji,https://www.instagram.com/kiwwinji,러닝
jeoncaro_,https://www.instagram.com/jeoncaro_,러닝
black_panseok,https://www.instagram.com/black_panseok,러닝
hayhyein,https://www.instagram.com/hayhyein,러닝
mia_ahn,https://www.instagram.com/mia_ahn,러닝
aeunworld,https://www.instagram.com/aeunworld,러닝
zzz.u_7,https://www.instagram.com/zzz.u_7,러닝
physique_rami,https://www.instagram.com/physique_rami,러닝
jhoon_fit,https://www.instagram.com/jhoon_fit,러닝
