Profile URL,Followers
https://www.instagram.com/z.yxou/,13000
https://www.instagram.com/__zigram/,5724
https://www.instagram.com/yuiode__/,9018
https://www.instagram.com/20.5_tm/,11000
https://www.instagram.com/leeujinnn/,4424
https://www.instagram.com/in0429/,1130
https://www.instagram.com/jeoncaro_/,1427
https://www.instagram.com/kimmongmong/,90000
https://www.instagram.com/arb0r_day/,408000
https://www.instagram.com/yunjeong.72211/,3070
https://www.instagram.com/aeseon1126/,83000
https://www.instagram.com/woorihh/,116000
https://www.instagram.com/seek__athletics/,752
https://www.instagram.com/gaxhyeon/,6711
https://www.instagram.com/nurrunng/,2345
https://www.instagram.com/runner_zeze/,43000
https://www.instagram.com/seek__athletics/,752
https://www.instagram.com/nurrunng/,2345
https://www.instagram.com/luv.min/,16000
https://www.instagram.com/contentment.official/,3529
https://www.instagram.com/run.hippo/,1928
https://www.instagram.com/leehyejindiary/,5591
https://www.instagram.com/soo_dal_99/,1899
https://www.instagram.com/sso_yeon_o/,1527
https://www.instagram.com/sweatdays__/,2509
