href,value,followers
https://www.instagram.com/somc______,somc______,15000
https://www.instagram.com/ppeumppeum,ppeumppeum,33000
https://www.instagram.com/kmocha_run,kmocha_run,2005
https://www.instagram.com/yeaaaaaah_d,yeaaaaaah_d,6730
https://www.instagram.com/in0429,in0429,1130
https://www.instagram.com/jj._.hyuning,jj._.hyuning,3842
https://www.instagram.com/luv.min,luv.min,16000
https://www.instagram.com/gaxhyeon,gaxhyeon,6714
https://www.instagram.com/yunjeong.72211,yunjeong.72211,3071
https://www.instagram.com/leehyejindiary,leehyejindiary,5591
https://www.instagram.com/nurrunng,nurrunng,2346
https://www.instagram.com/leeujinnn,leeujinnn,4425
https://www.instagram.com/20.5_tm,20.5_tm,11000
https://www.instagram.com/yeonrunhwi,yeonrunhwi,2159
https://www.instagram.com/yuiode__,yuiode__,9019
https://www.instagram.com/ryong_xx,ryong_xx,7893
https://www.instagram.com/nelli_ppak,nelli_ppak,10000
https://www.instagram.com/runner_imba,runner_imba,31000
https://www.instagram.com/g_kskk,g_kskk,5003
https://www.instagram.com/kieferella,kieferella,18000
https://www.instagram.com/_0elb_,_0elb_,11000
https://www.instagram.com/lsoyeoni,lsoyeoni,12000
https://www.instagram.com/ssangdi_runner,ssangdi_runner,4055
https://www.instagram.com/classic__an,classic__an,29000
https://www.instagram.com/trifit.coach.lee,trifit.coach.lee,11000
https://www.instagram.com/hyejin_7931,hyejin_7931,32000
https://www.instagram.com/dl_dbwjd_,dl_dbwjd_,1235
https://www.instagram.com/seoul_marathon,seoul_marathon,29000
https://www.instagram.com/run.hippo,run.hippo,1930
https://www.instagram.com/taksama33,taksama33,2617
https://www.instagram.com/jemog18,jemog18,15000
https://www.instagram.com/rara_daily.fit,rara_daily.fit,49000
https://www.instagram.com/kxngsoon,kxngsoon,3208
https://www.instagram.com/kang_mayo,kang_mayo,9364
https://www.instagram.com/unniya_9,unniya_9,2404
https://www.instagram.com/beneficial_run,beneficial_run,5118
https://www.instagram.com/yeounjin2664,yeounjin2664,35000
https://www.instagram.com/yuna__ax,yuna__ax,12000
https://www.instagram.com/universalkorea,universalkorea,21000
https://www.instagram.com/run._.hyein,run._.hyein,19000
https://www.instagram.com/jin.hee__,jin.hee__,4759
https://www.instagram.com/dal._ssong,dal._ssong,2634
https://www.instagram.com/soo_dal_99,soo_dal_99,1900
https://www.instagram.com/god_y.w,god_y.w,3211
https://www.instagram.com/_luna._.j,_luna._.j,6989
https://www.instagram.com/hyeppiness_,hyeppiness_,5161
https://www.instagram.com/iron_bong,iron_bong,20000
https://www.instagram.com/kiwwinji,kiwwinji,1662
https://www.instagram.com/jeoncaro_,jeoncaro_,1427
https://www.instagram.com/black_panseok,black_panseok,9941
https://www.instagram.com/hayhyein,hayhyein,6438
https://www.instagram.com/mia_ahn,mia_ahn,10000
https://www.instagram.com/aeunworld,aeunworld,2255
https://www.instagram.com/zzz.u_7,zzz.u_7,10000
https://www.instagram.com/physique_rami,physique_rami,4741
https://www.instagram.com/jhoon_fit,jhoon_fit,3566
