profile_name,like_1,comment_1
yeonrunhwi,추후에 다시,추후에 다시
yuiode__,추후에 다시,추후에 다시
ryong_xx,추후에 다시,추후에 다시
nelli_ppak,추후에 다시,추후에 다시
runner_imba,추후에 다시,추후에 다시
g_kskk,추후에 다시,추후에 다시
kieferella,추후에 다시,추후에 다시
_0elb_,추후에 다시,추후에 다시
lsoyeoni,추후에 다시,추후에 다시
ssangdi_runner,추후에 다시,추후에 다시
classic__an,추후에 다시,추후에 다시
trifit.coach.lee,추후에 다시,추후에 다시
hyejin_7931,추후에 다시,추후에 다시
dl_dbwjd_,추후에 다시,추후에 다시
seoul_marathon,추후에 다시,추후에 다시
run.hippo,추후에 다시,추후에 다시
taksama33,추후에 다시,추후에 다시
jemog18,추후에 다시,추후에 다시
rara_daily.fit,추후에 다시,추후에 다시
kxngsoon,추후에 다시,추후에 다시
kang_mayo,추후에 다시,추후에 다시
unniya_9,추후에 다시,추후에 다시
beneficial_run,추후에 다시,추후에 다시
yeounjin2664,추후에 다시,추후에 다시
yuna__ax,추후에 다시,추후에 다시
universalkorea,추후에 다시,추후에 다시
run._.hyein,추후에 다시,추후에 다시
jin.hee__,추후에 다시,추후에 다시
dal._ssong,추후에 다시,추후에 다시
soo_dal_99,추후에 다시,추후에 다시
god_y.w,추후에 다시,추후에 다시
_luna._.j,추후에 다시,추후에 다시
hyeppiness_,추후에 다시,추후에 다시
iron_bong,추후에 다시,추후에 다시
kiwwinji,추후에 다시,추후에 다시
jeoncaro_,추후에 다시,추후에 다시
black_panseok,추후에 다시,추후에 다시
hayhyein,추후에 다시,추후에 다시
mia_ahn,추후에 다시,추후에 다시
aeunworld,추후에 다시,추후에 다시
zzz.u_7,추후에 다시,추후에 다시
physique_rami,추후에 다시,추후에 다시
jhoon_fit,추후에 다시,추후에 다시
