content,tags
"wow1199
친구 겁나 얄미움ㅋㅋㅋㅋㅋㅋㅋㅋㅋㅋㅋㅋㅋㅋㅋㅋ아딛ㄷㄷ듯스
.
.
#아디다스#삼디다스#렉걸림#약올리기#짝퉁
.
.
🌝@wow1199 팔로우 부탁드려요~~인중씰룩거리게 해드립니다! 매일 업로드☄️☄
190주","['#아디다스', '#삼디다스', '#렉걸림', '#약올리기', '#짝퉁']"
"matsu_magazine
🌸봄에 신기 좋은 아디다스 가젤 컬러별.list 🌸
역시 핑크가 제일 봄느낌 뿜뿜한다...
@@이거 같이 맞춰신을래??🥰

#아디다스 #아디다스가젤 #운동화
32주","['#아디다스', '#아디다스가젤', '#운동화']"
"l.liphant
안녕하세요! 스포티의류 빈티지샵 엘리펀트입니다 !

조만간 업데이트될 이쁜 져지 , 바람막이입니다 🩵

많은 애정 부탁드립니다 🫶
42주",[]
"minsu.fashion
오늘의 민수픽은ฅʕ -ᴥ•ʔฅ
느낌조은 브랜드 운동화(갓성비)아디다스편
여름에 딱 신기 좋을 것 같음!!
제품 찾기 귀찮으면 댓글 남겨조 링크 보내줄겡
(댓글에 민수라고 남겨조

🛒@minsu.fashion 팔로우하고 재미난 패션정보 얻어보자🛒

👟VL 코트 베이스 코어 블랙 클라우드 화이트(48000￦)
👟가젤 나이트 인디고 화이트(65000￦)
👟가젤 트리플 블랙(66000￦)
👟슈퍼스타 82 블랙 화이트(71000￦)

👟캠퍼스 00s 화이트 코어 블랙(65000￦)
👟슈퍼스타 82 클라우드 화이트 메탈 그레이(68000￦)
👟VL 코트 베이스 클라우드 화이트 코어 블랙(46000￦)
👟포럼 로우 트리플 화이트(56000￦)

👟가젤 볼드 아쿠아 오프 화이트(70000￦)
👟가젤 블루 버드 코어 블랙(70000￦)
👟가젤 코어 블랙 컬리지에이트 로얄(57000￦)
👟가젤 클리어 아쿠아 테크 퍼플(67000￦)

👟캠퍼스 오키드 틴트 크리스탈 화이트(50000￦)
👟아디매틱 코어 블랙 핑크 틴트(65000￦)
👟캠퍼스 80s 원더 레드 오프 화이트(69000￦)
👟캠퍼스 80s 컬리지에이트 버건디(64000￦)

#아디다스 #운동화추천 #여름운동화 #삼바 #캠퍼스 #가젤 #크림 #갓성비
#커플신발 #신발추천 #아디다스운동화
수정됨 · 14주","['#아디다스', '#운동화추천', '#여름운동화', '#삼바', '#캠퍼스', '#가젤', '#크림', '#갓성비', '#커플신발', '#신발추천', '#아디다스운동화']"
"croket_official
흔하지 않은 신발 찾던 사람들 주목๑>∀<๑
👟아직 덜 알려진 #아디다스 운동화 추천👟
@@나만 신으려 했는데 특별히 알려준다😎

🛒 가젤/태권도/삼바/스페지알 등!
🛒 화면을 터치해서 바로 구매 가능!ㅤ

#가젤 #태권도 #삼바 #스페지알 #아디다스운동화 #신발추천 #운동화
15주","['#아디다스', '#가젤', '#태권도', '#삼바', '#스페지알', '#아디다스운동화', '#신발추천', '#운동화']"
"aynnn0
고민하다 결국 다른거 샀는데 아ㅜ 이것도 살걸..💤
#아디다스 #adidas
수정됨 · 17주","['#아디다스', '#adidas']"
"fashion.pickout
🪄트랙탑, 올봄 트렌드인 풀스커트에 입으니까 넘 예쁘다!👏

#트랙탑 #아디다스 #아디다스져지 #져지 #봄아우터 #봄점퍼 #점퍼 #아디다스오리지널스
수정됨 · 32주","['#트랙탑', '#아디다스', '#아디다스져지', '#져지', '#봄아우터', '#봄점퍼', '#점퍼', '#아디다스오리지널스']"
"yooni___w
아디다스 가젤 나이트 인디고🖤

은은한 토프 컬러가 넘 이쁜 제품이에요!
고급스러운 느낌 가득..✨🤎

220-300사이즈까지 스토어에서 확인 가능합니다🧚🏻‍♀️
44주",[]
"_tripgoing
헬로 키티(@hellokitty)가 50주년을 맞이하여 아디다스(@adidas)와 콜라보한 가젤 인도어가 공개됐습니다.✨ 기존 아디다스 가젤 인도어에 헬로 키티 시그니처 리본이 엠보싱으로 더해진 점이 특징입니다. 이외에도 아디다스의 시그니처 스트라이프 로고는 헬로 키티의 메인 컬러인 레드로 칠해졌으며, 힐탭과 폭싱 부근에는 리본과 헬로 키티 캐릭터가 새겨졌습니다. 해당 제품은 오는 10월부터 아디다스 공식 웹사이트에서 만나볼 수 있으니 참고해 주세요.☑️

📸 luckydraw_kr
9주",[]
"numulbo_
아디다스 삼바 살 때는 이거 꼭 보세요!
삼바 종류별로 어떤게 다른지 알려줄게요 ✔
@@ 이거 보고 사 ㄱㄱㄱ

#삼바 #아디다스 #아디다스운동화 #아디다스신발 #아디다스삼바 #삼바종류 #삼바코디
5주","['#삼바', '#아디다스', '#아디다스운동화', '#아디다스신발', '#아디다스삼바', '#삼바종류', '#삼바코디']"
"histofit_
김나영의 유튜브 채널 nofilterTV에서 소개된 김나영의 찐사랑 운동화❤️
.
.
.
.
#나이키#아디다스#아디다스웨일즈보너#아디다스구찌#아디다스배드버니#나이키코르테즈#acg#acg토레미드#운동화#운동화추천#김나영운동화#스니커즈#패션#패션매거진
39주","['#나이키', '#아디다스', '#아디다스웨일즈보너', '#아디다스구찌', '#아디다스배드버니', '#나이키코르테즈', '#acg', '#acg토레미드', '#운동화', '#운동화추천', '#김나영운동화', '#스니커즈', '#패션', '#패션매거진']"
"lady_good_tip
🖤힙하고 예쁜 블랙 운동화 추천 list🖤
@@여기서 뭐 살까?!
.
.
#블랙운동화 #검정운동화 #운동화 #운동화추천 #아디다스 #뉴발란스 #아식스 #나이키
50주","['#블랙운동화', '#검정운동화', '#운동화', '#운동화추천', '#아디다스', '#뉴발란스', '#아식스', '#나이키']"
"un_ni_tip
흔하지 않은 아디다스템 모음📌
@@저장해두기!

#아디다스 #아디다스신발 #아디다스상의 #아디다스바지 #아디다스가방 #꿀팁
25주","['#아디다스', '#아디다스신발', '#아디다스상의', '#아디다스바지', '#아디다스가방', '#꿀팁']"
"honey.tip_
다가오는 가을에 찰떡으로 신기좋은🤎
가을 데일리템 운동화 추천zip
@@가을맞이 신상 운동화 ㄱㄱ

#아디다스 #운동화 #가을운동화 #뉴발란스 #아식스
9주","['#아디다스', '#운동화', '#가을운동화', '#뉴발란스', '#아식스']"
"croket_selectshop
블록코어맛 가득! 힙한 #아디다스 니트⚽️
스트릿한 무드 뿜뿜하는 가을겨울 꾸안꾸템😎
@@이건 무조건 소장각이다ㄱㄱ

🛒 국내 미출시 아디다스는 크로켓에서!
🛒 화면을 터치해서 바로 구매하세요!
ㅤㅤㅤㅤㅤㅤ
#가을옷 #가을패션 #가을룩 #아디다스 #니트 #니트코디 #블록코어 #꾸안꾸
3주","['#아디다스', '#가을옷', '#가을패션', '#가을룩', '#아디다스', '#니트', '#니트코디', '#블록코어', '#꾸안꾸']"
"fronta_magazine
아, 버리지말걸!
☑️더 힙하게 돌아온 아디다스 트랙탑 👉🏻 @adidas

그시절 교복 위 필수템였던 트랙탑 🏃‍♀️
작년 유행했던 블록코어의 연장선, 올해는 믹스매치로 다양한 무드를 즐기기 🎀
색상과 디자인이 다양해 취향껏 고르는 재미까지!

👩‍🏫 스타일링 Tips!

- 와이드 팬츠, 데님에 매치하여 편안하고 힙한 느낌으로
- 짧은 치마와 반스타킹으로 프레피룩 뚝딱
- 의외로 잘어울리는 체크 치마로 빈티지하게
- 레벨업 스타일링! 트랙탑에 구두로 믹스매치

📸 Pinterest
32주",[]
"center.tving
가젤이 유행이자나~!

❤프로필링크에 구매처가 있습니다❤

.

.

.

.

.

#아디다스 #아디다스인더스트리 #아디다스가젤 #아디다스운동화
43주","['#아디다스', '#아디다스인더스트리', '#아디다스가젤', '#아디다스운동화']"
"lady_good_tip
깔별로 보는 아디다스 져지🖤
@@슬슬 사고 싶어지는군...*･☪·̩͙
.
오늘의 꿀팁은👉 @lady_good_tip
.
#아디다스 #져지 #아디다스져지 #저지 #져지추천 #추천 #패션스타그램 #요즘코디
5주","['#아디다스', '#져지', '#아디다스져지', '#저지', '#져지추천', '#추천', '#패션스타그램', '#요즘코디']"
"thebemag
요즘 해외에서 유행 중인 패션은 바로 다 된 패션에 아디다스 쇼츠 뿌리기 입니다...😜 그게 대체 무슨 패션이냐구요? 팬츠를 제외한 상의, 가방, 신발 등은 블레이저나 로퍼, 명품가방 등을 이용하여 포멀하게 입되, 팬츠는 아디다스의 트랙 쇼츠로 마무리하여 포멀한 듯 쿨하게 연출하는 룩인데요!

직장인들은 퇴근 후 바지만 아디다스 쇼츠로 바꿔 입어보세요. 어딜가나 인싸 보장입니다. 😎

지금처럼 간절기에 딱 시도하기 좋은 룩! 슬라이드를 밀어 스타일링을 참고해보세요.🔥

#아디다스 #아디다스파이어버드 #아디다스트랙팬츠 #트랙팬츠 #패션트렌드 #fashiontrend #adidas
수정됨 · 32주","['#아디다스', '#아디다스파이어버드', '#아디다스트랙팬츠', '#트랙팬츠', '#패션트렌드', '#fashiontrend', '#adidas']"
"for_you_tip
지금 계절에 딱 신기 좋은 유니크한 신발 모음✨
@@이거 사고 싶다!~(‘ㅅ’~)
⠀
⠀
⠀
⠀
#가을신발 #겨울신발 #가을신발추천 #겨울신발추천 #유명템 #데일리신발 #데일리템 #유니크 #유니크신발 #독특한신발 #겨울패션 #겨울템 #가을템 #가을 #겨울 #아디다스 #나이키 #운동화 #신발추천 #운동화추천 #커플템 #커플아이템 #코디 #코디스타그램 #ootd
48주","['#가을신발', '#겨울신발', '#가을신발추천', '#겨울신발추천', '#유명템', '#데일리신발', '#데일리템', '#유니크', '#유니크신발', '#독특한신발', '#겨울패션', '#겨울템', '#가을템', '#가을', '#겨울', '#아디다스', '#나이키', '#운동화', '#신발추천', '#운동화추천', '#커플템', '#커플아이템', '#코디', '#코디스타그램', '#ootd']"
"unni_secret_note
포카리 재질 청량한 색감이
여름에 찰떡인 아디다스 삼바 블루💙
@@색감 존예다ㅠㅠㅠ
⠀
⠀
⠀
⠀
#존예 #신발 #신발추천 #아디다스신발 #아디다스운동화 #아디다스 #운동화추천 #색감 #여름신발 #커플신발 #커플템 #아디다스삼바 #운동화 #패션 #패션스타그램 #정보
16주","['#존예', '#신발', '#신발추천', '#아디다스신발', '#아디다스운동화', '#아디다스', '#운동화추천', '#색감', '#여름신발', '#커플신발', '#커플템', '#아디다스삼바', '#운동화', '#패션', '#패션스타그램', '#정보']"
"jeehyun_grove
입고싶은 룩들 수두룩🔥
@adidaskr @originals_kr
#아디다스#아디다스그라운드성수
#adidas
6주","['#아디다스', '#아디다스그라운드성수', '#adidas']"
"croket_official
따듯한 🍫바닐라 색감이 가을에 찰떡인!
#아디다스 네오 VL 코트 크림 가넷🤎
@@이거 커플신발로도 찰떡이쟈나(๑’ᵕ‘๑)⸝*
ㅤ
👟 ‘215~300’ 전 사이즈 구매 가능!
👟 화면을 터치해서 구매할 수 있어요!

#아디다스운동화 #아디다스신발 #신발추천 #신발 #가을코디 #가을웜톤 #커플신발 #커플룩
12주","['#아디다스', '#아디다스운동화', '#아디다스신발', '#신발추천', '#신발', '#가을코디', '#가을웜톤', '#커플신발', '#커플룩']"
"unni_list
흔하지 않은 아디다스템 모음📌
@@저장해두기!

#아디다스 #아디다스신발 #아디다스상의 #아디다스바지 #아디다스가방 #꿀팁
24주","['#아디다스', '#아디다스신발', '#아디다스상의', '#아디다스바지', '#아디다스가방', '#꿀팁']"
"minsu.fashion
오늘의 민수픽은- ̗̀ෆ’ᵕ‘ෆ ̖́-
올가을 무조건 사야되는 아디다스 져지 추천집이야
솔직히 이건 옷장에 하나쯤은 무조건 있어야한다고 생각함..
깔별로 사고싶다 ㄹㅇ.....

😍@minsu.fashion 팔로우하고 패션꿀템 얻어보자😍

👉🏻(W)아디다스 오리지널스 베켄바우어 트랙 자켓_클리어 핑크
👉🏻아디다스 아디컬러 70s 블루종 트랙탑_슈퍼 팝
👉🏻(W)아디다스 아디컬러 클래식 루즈 파이어버드 트랙탑_트루 핑크
👉🏻아디다스 아디컬러 클래식 파이어버드 트랙 자켓_오키드 퓨전

👉🏻아디다스 아디컬러 우븐 파이어버드 트랙탑_나이트 인디고
👉🏻(W)아디다스 오리지널스 베켄바우어 크레페 트랙탑_다크 블루
👉🏻아디다스 오리지널스 베켄바우어 트랙 자켓_나이트 인디고
👉🏻아디다스 오리지널스 베켄바우어 트랙 자켓_나이트 인디고

👉🏻아디다스 스케이트보딩 파이어버드 트랙탑_퍼티 그레이
👉🏻(W)아디다스 오리지널스 프리미엄 베켄바우어 럭스 트랙 자켓 _원더 화이트
👉🏻아디다스 독일 베켄바우어 트랙탑_오프 화이트
👉🏻(W)아디다스 오리지널스 베켄바우어 크레페 트랙탑_오프 화이트

👉🏻(W)아디다스 컬러블록 트랙탑_오프 화이트
👉🏻(W)아디다스 파이어버드 배지 트랙탑_클라우드 화이트
👉🏻(W)아디다스 파이어버드 배지 트랙탑_클리어 스카이
👉🏻아디다스 베켄바우어 트랙탑_엠비언트 스카이

👉🏻아디다스 아디컬러 클래식 파이어버드 트랙탑_블랙
👉🏻아디다스 아디컬러 우븐 파이어버드 트랙탑_블랙

#아디다스 #아디다스져지 #아디다스추천 #아디다스트랙탑 #아디다스신상 #아우터 #아우터추천 #가을코디 #개강코디 #학생코디
11주","['#아디다스', '#아디다스져지', '#아디다스추천', '#아디다스트랙탑', '#아디다스신상', '#아우터', '#아우터추천', '#가을코디', '#개강코디', '#학생코디']"
"fashion.pickout
👕요즘 넘 예쁜 아디다스 코디~!!

#아디다스 #아디다스오리지널스 #아디다스져지 #저지 #바람막이 #트레이닝복 #트레이닝복코디 #트랙팬츠
30주","['#아디다스', '#아디다스오리지널스', '#아디다스져지', '#저지', '#바람막이', '#트레이닝복', '#트레이닝복코디', '#트랙팬츠']"
"kkotbun_beauty
수족냉증러 잎분이들을 위한ヾ(•ω•`)o
뜨끈뽀짝 패딩슈즈 모아왔어요🖤🤍
휘뚜루마뚜루 신기 좋은데 따수워서 교복템으로 장착>_<
@@어그 패딩슈즈 사주라ㅠㅠㅠㅠ

#꽃분이_패션 👗

#패딩슈즈 #패딩슈즈추천 #어그 #디스커버리 #뉴발란스 #아디다스 #노스페이스 #헌터 #퓨마 #폴로 #퍼플리 #퍼피렛 #눕시뮬 #슬립온 #스커프 #패딩폼슬립온 #패딩뮬 #케일리스커프 #신발추천
50주","['#꽃분이_패션', '#패딩슈즈', '#패딩슈즈추천', '#어그', '#디스커버리', '#뉴발란스', '#아디다스', '#노스페이스', '#헌터', '#퓨마', '#폴로', '#퍼플리', '#퍼피렛', '#눕시뮬', '#슬립온', '#스커프', '#패딩폼슬립온', '#패딩뮬', '#케일리스커프', '#신발추천']"
"14f.mag
2010년대를 강타한 아디다스 저지가 돌아오고 있습니다.💥 얼마 전 <아파트 404>에서 제니가 입고 등장했는가 하면, 라이즈 은석이 흰색 저지를 입은 사진을 인스타그램에 올리기도 했는데요. 또, 해외 패션 인플루언서들은 이미 이전부터 아디다스 저지나 트랙팬츠를 입은 코디를 선보이기도 했어요. 옷장 속에 고이 모셔둔 아디다스 저지가 있다면, 다시 빛을 볼지도요?😎

에디터 | 성은지

📸 @tvn_joy @rubylyn @a_typelist @reginaanikiy @hoooooyeony @laraaceliaa @annelauremais @riize_official @emmarosestyle

#아디다스저지 #아디다스져지 #아디다스 #트랙팬츠 #저지 #제니 #라이즈은석 #정호연 #패션
29주","['#아디다스저지', '#아디다스져지', '#아디다스', '#트랙팬츠', '#저지', '#제니', '#라이즈은석', '#정호연', '#패션']"
"numulbo_
곧 돌아오는 봄에 코디하기 좋은
🌸#핑크_운동화_추천🌸
@@ 우리 이고루 같이 맞추실 ㅎㅎ?

#운동화 #단화 #가젤 #아디다스 #나이키 #뉴발 #푸마 #신발 #운동화추천 #단화추천 #핑크운동화 #핑크신발
41주","['#핑크_운동화_추천🌸', '#운동화', '#단화', '#가젤', '#아디다스', '#나이키', '#뉴발', '#푸마', '#신발', '#운동화추천', '#단화추천', '#핑크운동화', '#핑크신발']"
"fashionandstyle.official
니트와 아디다스 색감🎨@참고🔍

#바닥코디 #니트 #니트코디 #아디다스 #아디다스운동화 #운동화코디 #아디다스오리지널스
42주","['#바닥코디', '#니트', '#니트코디', '#아디다스', '#아디다스운동화', '#운동화코디', '#아디다스오리지널스']"
"unboxing_note
📝 개인적으로 최근 봤던 신발중 가장 구매를 고려한 아이템 알려드릴께요 🔥

✅ ADIDAS @originals_kr
👞 London Preloved Ink Core Black
💰 ₩97,300

전세계 모든 꿀템을 알려 드립니다.
@unboxing_note
9주",[]
"one_home_life
#광고 지금 제일 핫한 아디다스 삼선템 싹다 모음!
여름에 하나정도는 꼭 있어야 할 것 같은 느낌 🙄

@@ 더 인기 많아지기전에 겟해야겠다 😛

@kream.co.kr
#크림 #KREAM #아디다스 #스포티앤리치 #여름코디추천
28주","['#광고', '#크림', '#KREAM', '#아디다스', '#스포티앤리치', '#여름코디추천']"
"lady_pretty_space
봄 코디에 포인트로 신기 좋은 🌸핑크 운동화 추천템 모음🌸
핑크색이 벌써 맘 설레게 함,,
@@빨리 봄 왔으면 좋겠다(⁎˃ᴗ˂⁎)
⠀
⠀
⠀
⠀
⠀
⠀
⠀
#봄코디 #봄 #코디 #패션 #봄패션 #스타일 #패션스타그램 #코디스타그램 #핑크운동화 #운동화추천 #봄운동화추천 #나이키 #뉴발란스 #아디다스 #푸마 #오니츠카타이거 #뉴발574 #데이브레이크 #덩크로우 #아디다스가젤 #핑크처돌이 #핑크패션 #핑크코디
38주","['#봄코디', '#봄', '#코디', '#패션', '#봄패션', '#스타일', '#패션스타그램', '#코디스타그램', '#핑크운동화', '#운동화추천', '#봄운동화추천', '#나이키', '#뉴발란스', '#아디다스', '#푸마', '#오니츠카타이거', '#뉴발574', '#데이브레이크', '#덩크로우', '#아디다스가젤', '#핑크처돌이', '#핑크패션', '#핑크코디']"
"sneakers_prime
[매장정보 공유]

서울 북촌에 아디다스 헤리티지 스토어 오픈 했습니다.

사람이 너무 많아서 릴스는 만들지 못했어요.

얘들아 형 운전중이라 짧게 소식 일단 전한다.
북촌 가서 아디다스랑 뉴발란스 구경 하고, 주변에 맛 있는 곳 많으니 가서 데이트 재밌게 하고 이쁨 받길 바래!

정보는 귀가 후 자세히 쓸게요
늘 감사합니다 😀

<아디다스 북촌 헤리티지 스토어>

주소 : 서울특별시 종로구 북촌로5길 56-8
영업 시간 : am 11:00 - pm 21:00

@originals_kr @adidasoriginals @adidaskr

#adidas #dailylook #daily #ootd #북촌 #북촌맛집 #북촌에가면 #아디다스 #아디다스헤리티지
수정됨 · 4주","['#adidas', '#dailylook', '#daily', '#ootd', '#북촌', '#북촌맛집', '#북촌에가면', '#아디다스', '#아디다스헤리티지']"
"the_edit.co.kr
아디다스(@originals_kr)가 북촌에 국내 최초 스니커즈 전문숍을 오픈했습니다👟 '아디다스 북촌 헤리티지 스토어'는 한국적 특색을 잔뜩 담아서 더욱 특별한데요! 전통적인 바닥 패턴, 한지 조명 등 우리나라 전통 방식과 아디다스 오리지널의 정체성을 골고루 섞었습니다.

특히 아디다스가 이번 북촌점 오픈을 기념해 인기 신발 ‘삼바’에 한국의 전통 탈춤을 재해석해 디자인한 ‘삼바 탈’을 단독으로 재발매했어요! 이 외에도 한국적인 색을 입힌 북촌 매장만의 단독 제품들을 계속 선보일 예정이라고 하네요.

8월 18일까지 오픈 기념 이벤트도 진행하는데요. 기간 내에 제품을 구매한 사람에게 부채 증정, 아디다스 ‘신꾸’를 직접 해볼 수 있는 체험 행사와 15만 원 이상 구매 시 자전거 뒷자리에 앉아 북촌을 구경할 수 있는 투어까지 참여 가능하다고 하니 얼른 구경하러 가보면 좋겠네요🛍️ 더 많은 정보는 아디다스 계정(@originals_kr)을 참고하세요!
13주",[]
"_luv.sol
드래곤볼 마냥 하나씩 모아본 헬리아드~~~ 솔리튜드까지 구매 완🩶🖤🩵💛
34주",[]
"kream.co.kr
색깔 정말 잘 뽑는 아디다스 스페지알 모음!🎨
특히 핑크 컬러는 아디다스 신발 중 무려 삼바를 제치고 여성 인기순 1위를 지키고 있을 정도로 반응이 뜨거운데요.🔥

여러분은 이 중에서 어떤 컬러가 가장 잘 뽑혔다고 생각하시나요?

✔️ 이미지 내 태그 클릭 시 상품 상세 정보 확인 가능합니다.
42주",[]
"onl_ootd_
싹 다 갖고 싶은 아디다스 삼선템 모음집.zip
꾸안꾸 여름 코디 고민하고 있었다면 주목해봐 🥰

@@ 여기있는거 진짜 싹다 탐남;;

#크림 #KREAM #아디다스 #아디다스티셔츠 #티셔츠코디
29주","['#크림', '#KREAM', '#아디다스', '#아디다스티셔츠', '#티셔츠코디']"
"song__yujin
요즘 아디다스에 푹 빠졌네요😱
저번에 릴스로 올렸던 아디다스 져지랑 바지들인데
반응이 너무나도 핫하네요😊
역시 인기 좋을줄 알았어요😍
궁금하신 제품 댓글 남겨 주시면 Dm으로 제품명 및 구매쳐 보내드려요🤗

#아디다스 #아디다스져지 #아디다스바지 #트랙팬츠 #스웻팬츠 #아디다스슈퍼스타 #여자코디 #여자코디추천 #여자봄코디 #봄코디추천 #운동화코디
35주","['#아디다스', '#아디다스져지', '#아디다스바지', '#트랙팬츠', '#스웻팬츠', '#아디다스슈퍼스타', '#여자코디', '#여자코디추천', '#여자봄코디', '#봄코디추천', '#운동화코디']"
"center.tving
가을겨울에 신으면 딱귀여워...🤎

🤎프로필링크에 구매처가 있습니다🤎

.

.

.

.

#아디다스 #아디다스운동화 #아디다스가젤 #아디다스가젤볼드
51주","['#아디다스', '#아디다스운동화', '#아디다스가젤', '#아디다스가젤볼드']"
"insight.co.kr_fashion
무신사, 요즘 ’패피‘들 필수템인 아디다스 ’삼선‘ 제품 반값보다 더 싸게 판다

#무신사 #아디다스 #아디다스삼선 #아디다스신발 #무신사세일
16주","['#무신사', '#아디다스', '#아디다스삼선', '#아디다스신발', '#무신사세일']"
"good_honeytip
신을수록 예쁘다는 아디다스 데일리 운동화!
@@커플템으로도 좋을듯!?
.
꿀팁&정보 궁금하다면👉🏻@good_honeytip
.
#운동화 #아디다스 #아디다스운동화 #예쁜운동화추천 #아디다스운동화추천 #가젤 #가젤추천 #우정템 #우정신발 #우정운동화 #커플 #커플신발 #커플운동화 #운동화추천 #존예운동화
27주","['#운동화', '#아디다스', '#아디다스운동화', '#예쁜운동화추천', '#아디다스운동화추천', '#가젤', '#가젤추천', '#우정템', '#우정신발', '#우정운동화', '#커플', '#커플신발', '#커플운동화', '#운동화추천', '#존예운동화']"
"fashion.pickout
예전에 산 아디다스 저지 버린 거 후회 중😭 유행은 돌고 도는 것...

#아디다스 #아디다스오리지널스 #아디다스져지 #져지 #저지 #아디다스저지
30주","['#아디다스', '#아디다스오리지널스', '#아디다스져지', '#져지', '#저지', '#아디다스저지']"
"good_tip_unni
아무 옷에나 입어도 예쁜
힙하고 예쁜 블랙 운동화🖤
@@나 여기서 하나 살까봐!
.
.
#블랙운동화 #검정운동화 #운동화추천 #추천 #아디다스 #뉴발란스 #아식스 #나이키 #운동화모음
47주","['#블랙운동화', '#검정운동화', '#운동화추천', '#추천', '#아디다스', '#뉴발란스', '#아식스', '#나이키', '#운동화모음']"
"tokyo_namu
🌳

✅ 도쿄나무를 찾아주셔서 항상
감사드립니다 🙏🏻

️✔️ 아디다스 삼바 SAMBAE NEW 컬러 🤍🩵

✅ 도쿄나무에 주문주신 상품들 모두
정성스럽게 준비해드리겠습니다

#도쿄나무 #아디다스 #adidasoriginals
#아디다스오리지널 #아디다스삼바 🤍🩵
38주","['#도쿄나무', '#아디다스', '#adidasoriginals', '#아디다스오리지널', '#아디다스삼바']"
"croket_selectshop
역대급 예뻐보이는 아디다스 신상 후리스 ❤️‍🔥
유니크한 셔츠 디자인에 루즈핏까지 완벽해..✨
@@이거 한국에는 안 나온 거랭!! ><

🇺🇸 미국 아디다스에서 구해드려요!
🇺🇸 화면을 터치해서 구매 가능!

#아디다스 #후리스 #플리스 #후리스코디 #가을코디 #가을패션 #간절기코디 #간절기아우터
3주","['#아디다스', '#후리스', '#플리스', '#후리스코디', '#가을코디', '#가을패션', '#간절기코디', '#간절기아우터']"
"unni_secret_note
봄 코디에 포인트로 신기 좋은 🌸핑크 운동화 추천템 모음🌸
핑크색이 벌써 맘 설레게 함,,
@@빨리 봄 왔으면 좋겠다(⁎˃ᴗ˂⁎)
⠀
⠀
⠀
⠀
⠀
⠀
⠀
#봄코디 #봄 #코디 #패션 #봄패션 #스타일 #패션스타그램 #코디스타그램 #핑크운동화 #운동화추천 #봄운동화추천 #나이키 #뉴발란스 #아디다스 #푸마 #오니츠카타이거 #뉴발574 #데이브레이크 #덩크로우 #아디다스가젤 #핑크처돌이 #핑크패션 #핑크코디
38주","['#봄코디', '#봄', '#코디', '#패션', '#봄패션', '#스타일', '#패션스타그램', '#코디스타그램', '#핑크운동화', '#운동화추천', '#봄운동화추천', '#나이키', '#뉴발란스', '#아디다스', '#푸마', '#오니츠카타이거', '#뉴발574', '#데이브레이크', '#덩크로우', '#아디다스가젤', '#핑크처돌이', '#핑크패션', '#핑크코디']"
"elfin_prairie
신꾸 열심히 하고 온 오늘🤍
아디다스 북촌 헤리티지 스토어가 오픈하였다고 하여 다녀왔어요:)

한국적인 특색이 가득한 북촌에서 아디다스를 만나니 더욱 반갑잖아요 ! 요 공간에서는 자신만의 신발과 티셔츠를 커스텀 할수 있으니 궁금하신 분들은 꼭 다녀와보세요:)

#광고
#아디다스 #아디다스북촌 #아디다스스니커즈샵 #adidas #adidasBukchon #adidassneakersshop
14주","['#광고', '#아디다스', '#아디다스북촌', '#아디다스스니커즈샵', '#adidas', '#adidasBukchon', '#adidassneakersshop']"
"croket_official
해외에서 출시됐다는 ✨아디다스 셔링백✨
스몰부터 라지까지 나와서 보부상들한테 딱! 💗
@@드디어 찾았다 내 데일리백 >< 🫶🏻

✔️ 블랙/핑크/라벤더 3컬러 구매 가능!
✔️ 화면을 터치하면 제품태그가 떠요!

#아디다스 #가방 #가방추천 #데일리가방 #가방스타그램 #숄더백 #숄더백추천 #보부상가방
19주","['#아디다스', '#가방', '#가방추천', '#데일리가방', '#가방스타그램', '#숄더백', '#숄더백추천', '#보부상가방']"
"nawonny
저에겐 병이 있어요.. 지네병 🐛👟❤️
요즘 자주 신는 운동화만 모아서 정보공유 〰️〰️
#운동화추천
수정됨 · 35주",['#운동화추천']
"fastpapermag
아디다스가 ‘삼바’와 닮은 출시 예정 모델 ‘발리’, 뭐가 다를까?💨

아디다스가 삼바의 뒤를 이을 모델로 ‘발리’를 선보입니다. 발리는 1977년도에 처음 등장했던 스니커인데요. 당시 버뮤다, 칸쿤, 자메이카, 트리니다드 등 모델도 포함됐던 ‘아일랜드 시리즈’의 일부로 발매됐어요. 올해 다시 출시되는 발리는 해변을 떠올리게 하는 ‘초크 블루’ 컬러를 입었죠.

🔸 아디다스 발리에 대해 주목할 점
발리는 70년대에 한정으로 출시된 신발로 컬렉터들의 사랑을 받는 ‘레어템’ 모델! 특히 ‘아일랜드 시리즈’ 중 가장 마지막으로 재발매 되는 신발로 많은 기대를 사고 있습니다. 기존 컬러웨이와 비슷한 ‘초크 블루’의 스웨이드 어퍼에 ‘마린 블루’ 스트라이프를 더한 것이 특징!

🔸 삼바와 다른 점은 무엇일까?
얼핏 보기엔 삼바와 크게 다르진 않지만, 자세히 보면 삼바 앞코에는 있는 T자 디테일이 발리에는 없어요. 추가로 텅에 ’발리‘ 텍스트가 프린팅되어 있고, 이름과 걸맞게 아웃솔의 곡진 모양이 파도의 느낌을 냅니다.

🔸 아디다스 발리 출시 정보
2월 29일부터 아디다스 매장 및 CONFIRMED 앱에서 15만 원대에 판매됩니다. 폭발적인 인기만큼 흔해진 삼바를 대체할 스니커를 찾고 있다면 추천해요.

글 | 예케니
이미지 | @adidasoriginals

#아디다스 #삼바 #아디다스발리 #adidas #adidassamba #adidasbali
37주","['#아디다스', '#삼바', '#아디다스발리', '#adidas', '#adidassamba', '#adidasbali']"
"on_fleekkk
[하늘아래 다 같은 슈퍼스타는 없다]

안녕하세요 온플릭입니다! 오늘은 남들하고 겹치지 않는 아디다스(@originals_kr) 슈퍼스타 6개를 추천해 드리는 시간입니다. 남들과 안 겹치면서 이쁜 상품들로만 골라 왔으니 맘에 드시는 상품들이 있으시면 구매해 보세요!

Editor. gnusnimeab

👍끝내주는, 완벽한, 트렌디한 패션 정보
@on_fleekkk
15주",[]
"jae_jjang
토요일 져지 이벤트 잊 지 마..🐾

#아디다스 #adidas #데일리룩 #06 #05
39주","['#아디다스', '#adidas', '#데일리룩', '#06', '#05']"
"fashionandstyle.official
이건 필수🖤아디다스 트랙팬츠3️⃣

#아디다스 #아디다스져지 #원마일웨어 #트레이닝복 #트레이닝팬츠 #트랙팬츠 #아디다스오리지널스
33주","['#아디다스', '#아디다스져지', '#원마일웨어', '#트레이닝복', '#트레이닝팬츠', '#트랙팬츠', '#아디다스오리지널스']"
"kream.co.kr
믹스 앤 매치 좋아하면 주목!📢 포멀한 상의에 아디다스 트랙 팬츠를 매치해 주면 반전 매력이 있는 코디 완성!
특히 해외 인플루언서들에게 큰 사랑을 받고 있는 룩인데요. 너무 힘준 것 같을 때, 편안한 트랙 팬츠로 밸런스 맞춰주는 건 어떨까요?

져지에 이어 트랙 팬츠까지 왔다.. 여러분들은 어떻게 생각하시나요? 🫢
31주",[]
"nike_collectors
좋아요 6000개 가까이에
인스타로만 문의 1700개가 넘었던 🤎🤎
아디다스 네오 크림 가넷
품절 사이즈들 215-300까지 리스탁 되었습니다 🧸

베이직 하면서 fw에 어울리는 컬러감이라
꾸준히 좋아해주시는 것 같아요!

고객님들 감성으로 센스로 예쁘게 착용중이신
후기들도 많이 남겨주세요 🫶🏻🫶🏻🫶🏻
수정됨 · 49주",[]
"insight.co.kr_fashion
올 여름 트렌드로 떠오른 셀럽들이 착용한 아디다스 쇼츠 정보 모음

#아디다스 #아디다스쇼츠 #아디다스팬츠 #광고문의 #아디다스코디
16주","['#아디다스', '#아디다스쇼츠', '#아디다스팬츠', '#광고문의', '#아디다스코디']"
"fashion.pickout
♡ʾʾ귀엽고 발랄하게 블록코어 입기⚽️⚾️

#블록코어 #블록코어코디 #걸리시룩 #져지 #져지코디 #아디다스 #아디다스져지
14주","['#블록코어', '#블록코어코디', '#걸리시룩', '#져지', '#져지코디', '#아디다스', '#아디다스져지']"
"croket_official
역대급 귀여운 쪼꼬미 아디다스 백팩 등장⭐
해외에만 출시된 건데 갓성비 4만원대라고 🫢❤️‍🔥
@@파우치까지 달려있어서 데일리로 딱 ><

✔️ 국내 미출시 가방 구매하려면?
✔️ 화면을 터치해서 제품태그 확인!

#아디다스 #아디다스백팩 #가방 #가방추천 #백팩 #백팩추천 #커플가방 #미니멀룩
수정됨 · 23주","['#아디다스', '#아디다스백팩', '#가방', '#가방추천', '#백팩', '#백팩추천', '#커플가방', '#미니멀룩']"
"fashionandstyle.official
제니 신발🥋👟아디다스 태권도
출시된 지 한달 된 따끈한 신상 스니커즈❤️‍🔥가격은 100유로✔️

#제니 #블랙핑크 #아디다스 #아디다스태권도 #스니커즈 #아디다스운동화 #여자운동화
19주","['#제니', '#블랙핑크', '#아디다스', '#아디다스태권도', '#스니커즈', '#아디다스운동화', '#여자운동화']"
"kream.co.kr
아디다스 저지부터 삼바, 복서호그까지... 픽 하는 제품마다 트렌드가 되는 그녀가 새로 선택한 신발은... 바로 아디다스 태권도였는데요.🥋🇰🇷

국내 한 여자 아이돌이 착용한 이후 여러 패션 셀럽들이 착용하며 인스타그램을 열 때마다 보이기 시작했습니다.👀 아디다스 태권도! 우리가 알고 있는 기존의 아디다스 디자인과는 달리 끈이 없다는 게 가장 큰 특징인데요. 밋밋한 것 같기도 귀여운 것 같기도 한 유니크한 디자인... 여러분은 어떠신가요?
14주",[]
"croket_official
리본으로 신발끈 꾸며주면 조녜라는 🎀
솜사탕 색감의 아디다스 운동화 등장 ✨
@@발레코어 느낌 낭낭하다구 ><

🛒 네오조그 국내 미출시 컬러!
🛒 화면을 터치해서 구매 가능!

*본 이미지의 제품은 아디다스 네오조그 1.0(HP9677)입니다.

#아디다스 #아디다스신발 #아디다스운동화 #발레코어 #운동화추천 #신발추천 #아디다스네오 #존예 #스니커즈
수정됨 · 25주","['#아디다스', '#아디다스신발', '#아디다스운동화', '#발레코어', '#운동화추천', '#신발추천', '#아디다스네오', '#존예', '#스니커즈']"
"fashionandstyle.official
아디다스 X 웨일즈보너 삼바🤎🖤
여름에 핫했던 콜라보🔥FW 버전 착샷 모음 @갖고싶어😍

#아디다스 #웨일즈보너 #웨일스보너 #아디다스웨일스보너 #아디다스삼바 #아디다스운동화 #운동화코디
53주","['#아디다스', '#웨일즈보너', '#웨일스보너', '#아디다스웨일스보너', '#아디다스삼바', '#아디다스운동화', '#운동화코디']"
"kream.co.kr
아디다스 삼바의 붐은 국내 한 여자 아이돌로부터 시작했다고 알려져 있죠. 👀 최근 그녀의 인스타그램에서도 보이더니 공연에서까지 착용하며 애정을 보이는 신발이 있다고 합니다. 그 아이템은 ’아디다스 복서 호그 2.0‘!

져지부터 숏츠, 운동화까지 끝나지 않는 아디다스 붐 속에서 유니크한 아이템을 찾는 분들의 눈길을 끌며, 그녀의 픽 역시 KREAM 랭킹에 진입하기 시작했습니다. 📈

부츠도 아닌 것이 운동화도 아닌 것 같은 이 유니크한 디자인의 아이템만 착용하면 스타일링이 완성된다는 거! KREAM 스타일컬렉터 분들도 애용한다는 아디다스 복서 호그는 지금 KREAM에서 바로 만나보실 수 있습니다.
수정됨 · 20주",[]
"c_eunnnnnnn
이번주 신상 업로드 완료🙃🙃
45주",[]
"thegoodfeed4u
한 개의 아이템을 넘어, 하나의 아이덴티티가 된 아디다스 트랙 시리즈. 컬러와 핏이 예쁜 집업 9개를 소개합니다.

*모든 상품 가격은 발매가 기준입니다. (너무 긴 이름은 축약되었습니다.)
25주",[]
"minsu.fashion
오늘의 민수픽은꒰ ⸝⸝› ̫ ‹⸝⸝ ꒱
가을맞이 브라운 운동화 추천집
이유 = 내가 사야함ㅎㅎㅎㅎㅎ
즐거운 쇼핑 되십시오 그럼 이만

제품 찾기 귀찮으면 ’민수‘라고 댓글 남겨조
제품 구매 바로 할 수 있는 링크 보내줄겡

★@minsu.fashion 팔로우하고 패션꿀템 얻어보자★

👜아디다스 - 가젤 어번 클리어 핑크(13만원대)
👜아디다스 - (W)가젤 쉐도우 브라운(10만원대)
👜아디다스 - (W)가젤 볼드 올모스트 옐로우 마룬(11만원대)
👜아디다스 - 슈퍼스타 82 메사 코어 블랙(8만원대)

👜나이키 - 에어포스 1 ‘07 WB 플랙스(10만원대)
👜나이키 - 에어포스 1 ‘07 카카오 와우(16만원대)
👜나이키 - 덩크 로우 프로 프리미엄 미디움 커리(10만원대)
👜나이키 - 덩크 로우 레트로 넥스트 네이쳐 바로크 브라운(10만원대)

👜휠라 - 에샤페 초코(10만원대)
👜뉴발란스 - 2002R 베이지(12만원대)
👜뉴발란스 -550 브라운 2E 와이드(10만원대)

👜아식스 - 라이프워커 101 다크브라운 베이지 - 3E 와이드(12만원대)
👜아식스 - 젤 1130 SMU 다크 브라운 미드나잇(12만원대)
👜아식스 - (W)젤 1130 우드 크레이프 밍크(13만원대)
👜아식스- GT-2160 다크 토프 토프 그레이(13만원대)

#운동화 #스니커즈 #가을운동화 #운동화추천
#가을코디 #학생코디 #갓성비 #오늘뭐입지
#아디다스 #아식스 #뉴발란스 #휠라 #나이키
#가젤 #에샤페 #에어포스 #커플신발
8주","['#운동화', '#스니커즈', '#가을운동화', '#운동화추천', '#가을코디', '#학생코디', '#갓성비', '#오늘뭐입지', '#아디다스', '#아식스', '#뉴발란스', '#휠라', '#나이키', '#가젤', '#에샤페', '#에어포스', '#커플신발']"
"good_tip_unni
깔별로 보는 아디다스 져지🖤
@@슬슬 사고 싶어지는군...*･☪·̩͙
.
오늘의 꿀팁은👉 @good_tip_unni
.
#아디다스 #져지 #아디다스져지 #저지 #져지추천 #추천 #패션스타그램 #요즘코디
5주","['#아디다스', '#져지', '#아디다스져지', '#저지', '#져지추천', '#추천', '#패션스타그램', '#요즘코디']"
"unni_secret_note
🎀헬로키티 50주년 기념 아디다스와 콜라보했대🎀
키티 얼굴이랑 리본이 뿅뿅 박혀있는 가젤이라니...
뽀짝한 디자인으로 키티덕후들 눈 돌아갔다고 함
@@이거 완전 내꺼잖아...???
⠀
⠀
⠀
#아디다스 #아디다스콜라보 #콜라보 #캐릭터콜라보 #키티 #헬로키티 #헬로키티50주년 #키티굿즈 #헬로키티굿즈 #가젤 #아디다스카젤 #키티덕후 #신발 #신발추천 #이슈 #속보 #정보 #꿀팁
7주","['#아디다스', '#아디다스콜라보', '#콜라보', '#캐릭터콜라보', '#키티', '#헬로키티', '#헬로키티50주년', '#키티굿즈', '#헬로키티굿즈', '#가젤', '#아디다스카젤', '#키티덕후', '#신발', '#신발추천', '#이슈', '#속보', '#정보', '#꿀팁']"
"for_you_tip
포카리 재질 청량한 색감이
여름에 찰떡인 아디다스 삼바 블루💙
@@색감 존예다ㅠㅠㅠ
⠀
⠀
⠀
⠀
#존예 #신발 #신발추천 #아디다스신발 #아디다스운동화 #아디다스 #운동화추천 #색감 #여름신발 #커플신발 #커플템 #아디다스삼바 #운동화 #패션 #패션스타그램 #정보
13주","['#존예', '#신발', '#신발추천', '#아디다스신발', '#아디다스운동화', '#아디다스', '#운동화추천', '#색감', '#여름신발', '#커플신발', '#커플템', '#아디다스삼바', '#운동화', '#패션', '#패션스타그램', '#정보']"
"histofit_
뛰기 좋은 요즘 뛰는거 좋아하는 주인장의 러닝화 추천과 간단한 종류까지 러닝화의 A to Z
30주",[]
"tokyo_namu
🌳

✅ 도쿄나무를 찾아주셔서 항상
감사드립니다 🙏🏻

️✔️ 아디다스 핸드볼 스페지알 NEW 인기 컬러
오프화이트에 다크브라운과 블루 두가지 라인 🩵🤎
모두 220-290 업데이트 되어 있습니다 💌

✅ 도쿄나무에 주문주신 상품들 모두
정성스럽게 준비해드리겠습니다

#도쿄나무 #아디다스 #아디다스재팬
#아디다스오리지널 #아디다스스페지알
#스페지알오프화이트브라운
수정됨 · 40주","['#도쿄나무', '#아디다스', '#아디다스재팬', '#아디다스오리지널', '#아디다스스페지알', '#스페지알오프화이트브라운']"
"god_life_dic
겨울에 신으면 백 배 귀여운 겨울
찰떡착붙 데일리 운동화 💛뽀글이 아디다스💛
@@ 우리 커플 운동화 할까?? (. ❛ ᴗ ❛.)

❄ 프로필에 구매 링크 있어요👉 @god_life_dic ❄

.
.
.
#운동화 #운동화추천 #아디다스 #아디다스추천 #뽀글이아디다스 #아디다스뽀글이 #여친선물 #여사친선물 #귀여워 #인싸템 #선물 #선물추천 #생일선물 #우정스타그램 #럽스타그램 #갓생백과 #갓백
1주","['#운동화', '#운동화추천', '#아디다스', '#아디다스추천', '#뽀글이아디다스', '#아디다스뽀글이', '#여친선물', '#여사친선물', '#귀여워', '#인싸템', '#선물', '#선물추천', '#생일선물', '#우정스타그램', '#럽스타그램', '#갓생백과', '#갓백']"
"fashionandstyle.official
요즘 핫한 러블리힙템 아디다스🖤
유니크한 디테일 아디다스 레이스 트림 삼선 쇼츠🔥@갖고파

#아디다스 #반바지 #쇼츠 #반바지코디 #트레이닝복 #아디다스오리지널스 #adidas
17주","['#아디다스', '#반바지', '#쇼츠', '#반바지코디', '#트레이닝복', '#아디다스오리지널스', '#adidas']"
"croket_official
블록코어맛 낭낭한 아디다스 반팔티 🖤
삼선과 유니크한 로고가 넘나 예쁨!! ><
@@올여름을 책임질 티셔츠 등장➰

🛒 미국에서 보내주는 인기 상품!
🛒 화면을 터치해서 바로 구매 가능!

#아디다스 #반팔티 #반팔티셔츠 #티셔츠추천 #반팔티추천 #데일리룩 #여름코디 #블록코어 #트렌드
25주","['#아디다스', '#반팔티', '#반팔티셔츠', '#티셔츠추천', '#반팔티추천', '#데일리룩', '#여름코디', '#블록코어', '#트렌드']"
"hey_gaga_
오늘 성수동에서 제일 핫한거 같은 @originals_kr 🩷

#아디다스 #아디다스컨펌드 #adidasCONFIRMED #SEOULISCONFIRMED #ICONLIVELOUD
31주","['#아디다스', '#아디다스컨펌드', '#adidasCONFIRMED', '#SEOULISCONFIRMED', '#ICONLIVELOUD']"
"kream.co.kr
내 최애가 쏘아 올린 와플 집업..?🧇
요즘 K-POP 아이돌들 사이에서 아디다스 와플 집업의 인기가 뜨겁다는 사실, 알고 계셨나요?🔥 무난한 듯 포인트 확실한 디자인에 편한 실용성까지! 어디든 매치하기도 쉬워 팬들 사이에서도 손민수템으로 엄청난 인기를 끌고 있다고 하는데요. 그 인기를 보여주듯 1월까지만 해도 20만 원에 거래되던 제품이, 최근 50만 원대에 거래되는 것을 확인할 수 있었습니다.📈

여러분의 최애도 와플 집업 입고 등장한 적이 있나요? 👀 댓글로 알려주세요!
38주",[]
"idolissue
최근 아이돌들이 많이 입는 아디다스 옷

#은석 #라이즈 #윈터 #에스파 #정원 #엔하이픈 #하루토 #트레저 #신유 #투어스 #기안84 #아이돌옷 #아디다스 #아이돌 #kpop #kpopidol #idol #idolissue #아이돌이슈
39주","['#은석', '#라이즈', '#윈터', '#에스파', '#정원', '#엔하이픈', '#하루토', '#트레저', '#신유', '#투어스', '#기안84', '#아이돌옷', '#아디다스', '#아이돌', '#kpop', '#kpopidol', '#idol', '#idolissue', '#아이돌이슈']"
"onl_ootd_
흔하지 않은 아디다스템 모음📌
@@저장해두기!

#아디다스 #아디다스신발 #아디다스상의
#아디다스바지 #아디다스가방 #꿀팁
22주","['#아디다스', '#아디다스신발', '#아디다스상의', '#아디다스바지', '#아디다스가방', '#꿀팁']"
"god_life_dic
겨울에 신으면 백 배 귀여운 겨울
찰떡착붙 데일리 운동화 💛뽀글이 아디다스💛
@@ 우리 커플 운동화 할까?? (. ❛ ᴗ ❛.)

❄ 프로필에 구매 링크 있어요👉 @god_life_dic ❄

.
.
.
#운동화 #운동화추천 #아디다스 #아디다스추천 #뽀글이아디다스 #아디다스뽀글이 #여친선물 #여사친선물 #귀여워 #인싸템 #선물 #선물추천 #생일선물 #우정스타그램 #럽스타그램 #갓생백과 #갓백
52주","['#운동화', '#운동화추천', '#아디다스', '#아디다스추천', '#뽀글이아디다스', '#아디다스뽀글이', '#여친선물', '#여사친선물', '#귀여워', '#인싸템', '#선물', '#선물추천', '#생일선물', '#우정스타그램', '#럽스타그램', '#갓생백과', '#갓백']"
"unni_secret_note
슬슬 끝나가는 여름! 운동화가 잘 어울리는 가을맞이🍁
🧡10만원대 운동화 추천 모음🧡
@@존예인데 이거 어때???
⠀
⠀
⠀
⠀
#운동화 #가을 #가을운동화 #겨울운동화 #데일리룩 #운동화추천 #신발추천 #신발 #아디다스 #오니츠카타이거 #나이키 #푸마 #패션 #패션스타그램 #뷰티 #뷰티스타그램 #커플템 #커플운동화
12주","['#운동화', '#가을', '#가을운동화', '#겨울운동화', '#데일리룩', '#운동화추천', '#신발추천', '#신발', '#아디다스', '#오니츠카타이거', '#나이키', '#푸마', '#패션', '#패션스타그램', '#뷰티', '#뷰티스타그램', '#커플템', '#커플운동화']"
"croket_official
🇺🇸 미국에서 찾은 버뮤다 트랙팬츠 ><
힙하고 편해서 휘뚤마뚤 입기 좋아 🖤
@@올여름 유행하는 스타일이랭!!

✔️ 크로켓에서 ‘6만원대’ 입고!
✔️ 화면을 터치해서 구매 가능!

#아디다스 #반바지 #트랙팬츠 #버뮤다팬츠 #여름코디 #여름반바지 #반바지코디 #트레이닝바지 #반바지추천
24주","['#아디다스', '#반바지', '#트랙팬츠', '#버뮤다팬츠', '#여름코디', '#여름반바지', '#반바지코디', '#트레이닝바지', '#반바지추천']"
"fashionandstyle.official
아디다스 3선으로 스트릿룩🖤🤍
무신사에서 다양한 3선 아이템을 최대 60% 할인으로🛍️ #광고

<무신사 X ADIDAS, WHAT'S YOUR 3-STRIPES?>

• 일정: 7/29(월) - 8/4(일)

#무신사 #아디다스 #스트릿패션 #아디다스신발 #아디다스운동화 #아디다스트랙수트 #운동화코디
15주","['#광고', '#무신사', '#아디다스', '#스트릿패션', '#아디다스신발', '#아디다스운동화', '#아디다스트랙수트', '#운동화코디']"
"kream.co.kr
”아디다스 삼바, 가젤, 스페지알 차이점 아시는 분?🙋🏽“
이라는 댓글이 달렸는데요. 담당자가 알려드리겠습니다 🧐

비슷한 모델로 찾아서 놓고 보면 정말 구분하기 어려운 세 스니커즈! 그래서 각 스니커즈의 베스트 셀러로 어떤 점이 다른지 파헤쳐 봤습니다. 무엇보다 중요한 건 자신의 스타일에 맞는 스니커즈를 선택하는 것!✅ 모두 알고 계시죠?

또 찾아줬으면 하는 궁금한 점을 댓글로 적어주시면 저희가 대신 알아봐 드릴게요! 🫡
41주",[]
"croket_official
팀별로 싹 모아온 아디다스 축구 유니폼! ⚽️
블록코어룩 입으면서 덕질까지 가능하다구 >< 💕
@@이중에 좋아하는 팀 골라보쟈!! 😘

🏃멕시코/자메이카/이탈리아/독일 등!
🏃화면을 터치해서 바로 구매하세요!

#아디다스 #아디다스오리지널스 #스포티룩 #축구유니폼 #반팔 #반팔티 #반팔티추천 #유니폼 #블록코어
21주","['#아디다스', '#아디다스오리지널스', '#스포티룩', '#축구유니폼', '#반팔', '#반팔티', '#반팔티추천', '#유니폼', '#블록코어']"
"fashionandstyle.official
아디다스 쇼츠 다 같은 제품이 아닙니다🙅🏻‍♀️

작년 여름부터 트렌드를 타면서 다시 유행하기 시작한 아디다스 트랙 팬츠. 하나 구매하고 싶지만 핏부터 기장까지 다양한 제품들이 있어 어떤 아이템을 사야 할지 고민된다면 셀럽들의 아이템을 참고해 보세요!

미미: 레이스 트림 삼선 쇼츠
밋밋한 여름 패션을 개성 있게 뽐낼 수 있는 아이템. 스포티한 아디다스 쇼츠에 레이스가 달려있어 사랑스러우면서도 유니크한 느낌을 준다.

김나영: 아디컬러 클래식 배기 쇼츠
무릎 아래까지 내려오는 버뮤다 기장의 아디다스 쇼츠. 옐로우 삼선 스트라이프가 포인트가 되고, 넉넉한 루즈핏으로 편안한 착용감을 자랑한다.

남규리: 우먼스 3S 투인원 반바지
레깅스가 일체형으로 내장되어 있어 레이어드 코디 연출이 가능하다. 레깅스 덕에 활동적인 운동할 때도 부담 없이 입을 수 있다.

크리스탈: W 3S SJ 쇼츠
밑단 트임이 있고, 다른 아디다스 쇼츠들에 비해 숏하고 타이트한 피팅감이 특징이다. 쇼츠 안쪽에 스트링 끈이 있어 허리핏 조절이 가능하다.

김채원: 아디다스 x 스포티 앤 리치 쇼츠 클리어 스카이
아디다스와 스포티 앤 리치의 콜라보 제품으로 전체적으로 광택감이 있는 하늘색 베이스에 은은한 스트라이프 패턴이 적용되어 있다.

미미: 아디컬러 클래식 스프린터 쇼츠
너무 짧지 않은 기장에 얇고 가벼운 재질이라 한여름에도 편하게 막 입을 수 있다. 양 사이드에 지퍼 포켓이 달려있어 실용성이 좋다.

#아디다스 #아디다스쇼츠 #아디다스바지 #트레이닝팬츠 #트레이닝복 #트랙쇼츠 #파이어버드
13주","['#아디다스', '#아디다스쇼츠', '#아디다스바지', '#트레이닝팬츠', '#트레이닝복', '#트랙쇼츠', '#파이어버드']"
"croket_official
빈티지한 무드 뿜뿜하는 #아디다스 자켓
아침저녁으로 입기 좋은 후들후들 데일리템🤍
@@기본템으로 소장하기 딱 조아( •̀ω•́ )و✧

🩵 남녀공용 ‘S~XL’ 사이즈 구매 가능!
🩵 화면을 터치하면 제품 태그가 떠요!
ㅤㅤㅤㅤㅤㅤ
#아디다스 #아디다스추천 #아디다스자켓 #자켓추천 #자켓 #아우터 #아우터추천 #가을아우터
8주","['#아디다스', '#아디다스', '#아디다스추천', '#아디다스자켓', '#자켓추천', '#자켓', '#아우터', '#아우터추천', '#가을아우터']"
"fashionandstyle.official
셔츠 + 아디다스 쇼츠🩵요즘 유행

#셔츠 #셔츠코디 #아디다스 #아디다스져지 #여자셔츠 #여름셔츠 #반바지코디
21주","['#셔츠', '#셔츠코디', '#아디다스', '#아디다스져지', '#여자셔츠', '#여름셔츠', '#반바지코디']"
"lady_good_tip
어디에도 찰떡인 가을 데일리 신발🤎
@@데일리룩에 다 어울려,,✨
.
오늘의 꿀팁은👉 @lady_good_tip
.
#데일리 #데일리룩 #신발 #아디다스 #나이키 #가젤 #가을화 #가을신발 #커플신발 #추천
7주","['#데일리', '#데일리룩', '#신발', '#아디다스', '#나이키', '#가젤', '#가을화', '#가을신발', '#커플신발', '#추천']"
"good_tip_unni
어디에도 찰떡인 가을 데일리 신발🤎
@@데일리룩에 다 어울려,,✨
.
오늘의 꿀팁은👉 @good_tip_unni
.
#데일리 #데일리룩 #신발 #아디다스 #나이키 #가젤 #가을화 #가을신발 #커플신발 #추천
6주","['#데일리', '#데일리룩', '#신발', '#아디다스', '#나이키', '#가젤', '#가을화', '#가을신발', '#커플신발', '#추천']"
"zi.fan_
@adidasoriginals ”᧔࿔᧓

#阿迪达斯 #adidas #아디다스 #adidasoriginals
10주
번역 보기","['#阿迪达斯', '#adidas', '#아디다스', '#adidasoriginals']"
"mkmon_official
♥일본 아디다스 헬로키티 슬리퍼♥
@이거 일본에서 사와주라~~!

키티의 모든 것이 궁금하면 모코몬에게 “좋아요”와 “댓글” 남겨주세요 😘
꿀팁 댓글도 환영 😆
@키티 좋아하는 친구한테 알려주기~~

#모코몬 #일본직구 #일본직구사이트 #일본여행 #일본직구모코몬 #일본굿즈 #일본애니 #아사히 #호로요이 #일본쇼핑 #돈키호테 #아디다스 #모자코디 #아디다스오리지널 #산리오 #산리오덕후 #산리오굿즈 #헬로키티 #키티
수정됨 · 43주","['#모코몬', '#일본직구', '#일본직구사이트', '#일본여행', '#일본직구모코몬', '#일본굿즈', '#일본애니', '#아사히', '#호로요이', '#일본쇼핑', '#돈키호테', '#아디다스', '#모자코디', '#아디다스오리지널', '#산리오', '#산리오덕후', '#산리오굿즈', '#헬로키티', '#키티']"
"matsu_magazine
흔하지 않은 아디다스템 모음📌
@@저장해두기!

#아디다스 #아디다스신발 #아디다스상의
#아디다스바지 #아디다스가방 #꿀팁
22주","['#아디다스', '#아디다스신발', '#아디다스상의', '#아디다스바지', '#아디다스가방', '#꿀팁']"
"croket_official
🖤요즘 입소문 타는 조녜 블랙슈즈🖤
어디에나 휘뚤마뚤 신기 좋은 데일리템이야˚‧｡♡｡‧˚
@@무채색러버라면 일단 저장!( •̀ω•́ )و✧

👟 나이키/아식스/오니츠카/뉴발란스 등!
👟 화면을 터치하면 제품 태그가 떠요!
ㅤㅤㅤㅤㅤㅤ
#블랙 #블랙코디 #블랙슈즈 #나이키 #오니츠카타이거 #아디다스 #온러닝 #뉴발란스
7주","['#블랙', '#블랙코디', '#블랙슈즈', '#나이키', '#오니츠카타이거', '#아디다스', '#온러닝', '#뉴발란스']"
"eyesmag
10월 3일부터 10월 6일까지 성수동에 가야하는 이유.💥 아디다스(@adidaskr)의 모든 카테고리를 하나로 아우를 대규모 오프라인 팝업 ’아디다스 그라운드 성수‘가 개최됩니다.💙 앤더슨씨 성수, 무신사 스토어 성수 대림창고, Y173, 피치스 도원 등 75년의 브랜드 아카이브 전시부터 서로 다른 콘셉트의 색다른 콘텐츠와 특별한 프로그램이 4일 내내 진행될 예정인데요. 김종국(@kjk76)과 함께하는 ’WORKOUT w/ GYMJONGKOOK‘, 글로벌 파트너 베이비몬스터(@babymonster_ygofficial)의 팬밋업, 정호연(@hoooooyeony) & 오상욱(@ohsu.o_o)과 함께하는 토크쇼 및 커스텀까지! 더불어 모든 공간을 방문한 뒤 맵에 총 7개의 펀칭을 모으면 아디다스 삐용이 키 링을 받을 수 있습니다.🥰 선착순으로 제공되니, 보다 자세한 내용은 브랜드 계정에서 확인해 보세요. 📸 아디다스

🗓️2024.10.03 - 2024.10.06
수정됨 · 7주",[]
"yeoul_vintage
🧚🏻‍♂️이번 주 3/1(금) 20:30 🧚🏻‍♂️
아디다스 70년대 서독제 져지 라방 🩵
국내에서 다신 못볼 70년대 아디다스 서독제 제품들로만 구성되어 있는 져지 라방🔥
그냥 유니크한 색감이고 뭐고 레 전 드 입니다🫶🏻
서독제 마지막 라방입니다❗️

(프리뷰 제품들은 선구매가 불가합니다)
수정됨 · 38주",[]
"onl_ootd_
운동화끈 or 리본끈으로 꾸미는
재미가 쏠쏠한 #아디다스 아딜렛 크록🤍🖤
@@ 나랑 커플로 신어죠ƪ(•̃͡•̃͡ ƪ
.
📌프로필에 구매링크 있어요😘!
.
.
#크록스 #커플크록스 #커플슬리퍼 #커플신발
32주","['#아디다스', '#크록스', '#커플크록스', '#커플슬리퍼', '#커플신발']"
"fashionandstyle.official
꾸준히 예쁜 아디다스져지🖤🤍

#아디다스져지 #아디다스 #져지 #져지코디 #아디다스집업 #트랙탑 #트랙탑코디
40주","['#아디다스져지', '#아디다스', '#져지', '#져지코디', '#아디다스집업', '#트랙탑', '#트랙탑코디']"
"dailyhowmuch
요즘 트렌드는 스니커즈👟 원피스와 어울리는 스니커즈 5

➊
◽ ALOHAS - tb.490 Rife Sheen Red - ₩257,000

➋
◽ Converse - Chuck Taylor All Star Canvas - ₩59,000

➌ ➍ ➎
◽ adidas - 핸드볼 스페지알 - ₩139,000

➏
◽ Marine Serre - MS RISE 22 - $498 (약 68만원)

➐
◽ adidas - 그랜드 코트 알파 - ₩99,000
26주",[]
"kream.co.kr
삼바 보다 더 삼바 같은 아디다스 신발이 4만 원?!🫢
흔하지 않고 깔끔한 휘뚤마뚤 스니커즈 찾고 있으셨던 분 주목! 점점 가벼워지는 봄 옷차림에 너무나도 잘 어울리는 갓성비 스니커즈를 찾아버렸습니다.. 그 주인공은 바로 ’아디다스 VL 코트‘!🎤 완벽하게 딱 떨어지는 핏감이 예술인 캐주얼한 운동화인데요.

무엇보다 가장 기본 템인 화이트 컬러를 KREAM에선 4만 원대에 만나볼 수 있으니 지금 당장 달려가세요!🏃🏽‍♂️

📷esedesirena, melanielaurah, lisaholdshteyn
35주",[]
"croket_official
힙한 무드의 #아디다스 배스킷볼 저지🏀
빈티지한 색감이라 지금 입으면 딱 죠아><
@@망설이면 바로 품절이라구(˘•̥⧿•̥˘ )

✅ 샌드베이지/네이비/블랙 구매 가능!
✅ 화면을 터치하면 제품 태그가 떠요!
ㅤㅤㅤㅤㅤㅤ
#아디다스 #아디다스저지 #아디다스추천 #아디다스져지 #아우터 #아우터추천 #가을아우터 #힙한코디
8주","['#아디다스', '#아디다스', '#아디다스저지', '#아디다스추천', '#아디다스져지', '#아우터', '#아우터추천', '#가을아우터', '#힙한코디']"
"fashionandstyle.official
요즘 걸치기 좋은 아디다스 져지🖤

#아디다스 #아다디스져지 #트랙탑 #트레이닝복 #집업 #자켓 #아우터
7주","['#아디다스', '#아다디스져지', '#트랙탑', '#트레이닝복', '#집업', '#자켓', '#아우터']"
"kream.co.kr
가젤맛인데 가격은 반값!💸
아디다스 슈타트 라인이 최근 KREAM에서 검색량과 거래량이 급증하고 있다는 소식입니다.📈 가히 아디다스 슈즈 라인 중 최고의 가성비를 자랑한다고 말씀드릴 수 있겠네요.

심지어 매일 오전 11시에 발급되는 KREAM BLACK FRIDAY 선착순 쿠폰을 적용하면 더더욱 저렴하게 구매가 가능하다는 사실! 지금 KREAM에서 거래 가능합니다.

*즉시 구매가는 11/12(화) 오후 2시 기준입니다.
1주",[]
"croket_official
일주일 내내 돌려입기 ssap 가능한🖤
찐 데일리템 #아디다스 니트 스커트(ง˙∇˙)ว
@@요거 핏이 진짜 미쳤음ㄷㄷ

🤍 ‘XXS~XL’ 사이즈 구매 가능!
🤍 화면을 터치하면 제품 태그가 떠요!
ㅤㅤㅤㅤㅤㅤ
#가을옷 #가을패션 #가을룩 #아디다스 #아디다스추천 #데일리템 #치마 #롱스커트 #롱스커트코디
5주","['#아디다스', '#가을옷', '#가을패션', '#가을룩', '#아디다스', '#아디다스추천', '#데일리템', '#치마', '#롱스커트', '#롱스커트코디']"
"fashionandstyle.official
블랙 핑크 조합 예쁜🖤🩷스페지알

#아디다스 #아디다스운동화 #아디다스오리지널스 #아디다스신발 #운동화 #운동화추천 #여자신발
44주","['#아디다스', '#아디다스운동화', '#아디다스오리지널스', '#아디다스신발', '#운동화', '#운동화추천', '#여자신발']"
"croket_official
프린팅 폼 미쳤다는 #아디다스 아디폼🗨️
슬립온 형태여서 휘뚜루 신기 딱이야!👟
@@멀리서 보면 진짜 운동화같음ㅋㅋㅋ

🖤 ‘215~285’ 전사이즈 입고 완료!
🖤 화면을 터치해서 바로 구매 가능!
ㅤ
#신발추천 #아디다스신발 #슬립온 #슈퍼스타 #커플룩 #커플신발 #신발스타그램
14주","['#아디다스', '#신발추천', '#아디다스신발', '#슬립온', '#슈퍼스타', '#커플룩', '#커플신발', '#신발스타그램']"
"croket_official
사계절 내내 들고 다녀도 안 질리는✨
보부상 전용 💙아디다스 올웨이즈 숄더백💙
@@어디에나 휘뚜루 잘 어울린다구♡｡‧˚

✔️ 크로켓에서 7만원대 구매 가능!
✔️ 화면을 터치해서 제품태그 확인!

#아디다스 #호보백 #숄더백 #데님백 #가방추천 #보부상가방 #선물추천 #가방스타그램
16주","['#아디다스', '#호보백', '#숄더백', '#데님백', '#가방추천', '#보부상가방', '#선물추천', '#가방스타그램']"
"croket_official
슬슬 가을바람 부는거 느껴지는 사람~?🍂
간절기 필수템이라는 얇은 바람막이 모음.zip
@@호불호 안갈릴 기본템들로만 들고 옴!😎
ㅤ
🤍 나이키/파타고니아/폴로/아디다스 등!
🤍 화면을 터치해서 구매할 수 있어요!

#나이키 #아디다스 #폴로 #폴로랄프로렌 #파타고니아 #조던 #간절기 #바람막이 #아우터
13주","['#나이키', '#아디다스', '#폴로', '#폴로랄프로렌', '#파타고니아', '#조던', '#간절기', '#바람막이', '#아우터']"
"croket_official
패션의 완성은 뭐다? 신발 포인트다~🌈
흔하지 않은 아디다스 컬러 신발 모음.zip
@@헬로키티 침투력 뭐임?ㅋㅋㅋ🎀

👟 해외 한정판 콜라보 슈즈 포함!
👉🏻 화면을 터치해서 바로 구매 가능!ㅤ

#아디다스 #아디다스신발 #신발추천 #신발스타그램 #패션코디 #운동화 #운동화추천 #운동화스타그램
14주","['#아디다스', '#아디다스신발', '#신발추천', '#신발스타그램', '#패션코디', '#운동화', '#운동화추천', '#운동화스타그램']"
"croket_official
미우**맛이라는 역대급 아디다스 신상백 🤎
해외에만 나온 고급미 뿜뿜 가죽가방이야! ✨
@@더 핫해지기 전에 얼른 데려가쟈 ૮ › ༝ ‹ ྀིა

👜 크로스백/토트백 2way로 활용!
👜 화면을 터치해서 제품태그 확인!

📍24.8.6까지 키링 증정 + 5% 추가 할인중

#아디다스 #아디다스가방 #토트백 #숄더백 #크로스백 #가방추천 #선물추천 #신상가방
수정됨 · 16주","['#아디다스', '#아디다스가방', '#토트백', '#숄더백', '#크로스백', '#가방추천', '#선물추천', '#신상가방']"
"croket_official
💗 역대급 영롱보스 핑크 미니백 찾았따 💗
해외 아디다스에만 있다는 메탈릭 볼링백 ✨
@@백꾸하기 딱 좋은 y2k 감성 >.< 🎀

✔️ 크로켓에서 3컬러 구매 가능!
✔️ 화면을 터치해서 제품태그 확인!

#가방 #가방추천 #백꾸 #미니백 #아디다스 #핑크핑크 #핑크덕후 #미니백추천
22주","['#가방', '#가방추천', '#백꾸', '#미니백', '#아디다스', '#핑크핑크', '#핑크덕후', '#미니백추천']"
"croket_official
꾸안꾸의 정석 #아디다스 나그랑 티셔츠💜
어디든 찰떡인 디자인만 컬러별로 싹 다 모아왔어🥴
@@품절되기 전에 얼른 달려가자! =͟͟͞͞( ˙-˙ )
ㅤ
💥아디다스 나그랑티 ‘5만원대~’ 구매가능!
💥화면을 터치해서 바로 확인하세요!
ㅤ
#아디다스오리지널스 #블록코어 #유니폼 #축구유니폼 #반팔 #반팔티 #여름옷 #여름코디
20주","['#아디다스', '#아디다스오리지널스', '#블록코어', '#유니폼', '#축구유니폼', '#반팔', '#반팔티', '#여름옷', '#여름코디']"
"queens_bl20241
#아디다스 #아디다스웨일즈보너삼바 #아디다스신발 #아디다스운동화 #운동화코디 #신발코디 #mz신발 #mz코디
10주","['#아디다스', '#아디다스웨일즈보너삼바', '#아디다스신발', '#아디다스운동화', '#운동화코디', '#신발코디', '#mz신발', '#mz코디']"
"hwan.lk
Where am i ? @adidas

#아디다스 #아디다스스포츠웨어
3주","['#아디다스', '#아디다스스포츠웨어']"
"center.tving
요즘 방한화가 유행이라며?

💚프로필링크에 구매처가 있습니다💚

.

.

.

.

#아디다스 #아디다스퍼피렛 #아디다스퍼피렛슬립온
50주","['#아디다스', '#아디다스퍼피렛', '#아디다스퍼피렛슬립온']"
"le.syndrome
#송포더뮤트 (Song for The Mute) x #아디다스 오리지널스 (adidas Originals) 2024 가을/겨울 협업 SFTM-003 ‘컨트리 OG 로우’와 ‘아디스타 쿠션’과 의류는 올 하반기 출시됩니다.
14주","['#송포더뮤트', '#아디다스']"
"unetine__
#광고 @originals_kr
우리나라를 대표하는 북촌 한옥마을에 탄생한 아디다스 헤리티지 스니커즈 스토어🏡 경복궁과 이어지는 소격동에 위치한만큼 익스클루시브한 제품도 많더라구요 ! 그중에서도 한눈에 반해버린 블랙 슈즈. 👟
아디다스 스니커즈 애호가들이면 필수방문 코스에요 8월 14일부터 가봅시다 🖤

#아디다스 #아디다스북촌 #아디다스스니커즈샵 #adidas #adidasBukchon #adidasSneakersshop #아디다스오리지널스 #SL72
수정됨 · 14주","['#광고', '#아디다스', '#아디다스북촌', '#아디다스스니커즈샵', '#adidas', '#adidasBukchon', '#adidasSneakersshop', '#아디다스오리지널스', '#SL72']"
"popupmate
아디다스(@originals_kr), 올해 첫 팝업 '서울 이즈 컨펌드'가 성수동에 등장했습니다. 자사 앱인 '컨펌드(CONFIRMED)' 활성화 캠페인의 일환으로 오프라인 행사 '서울 이즈 컨펌드(SEOUL IS CONFIRMED)-아이콘, 대담한 목소리'를 선보이게 된 것인데요. 전시와 공연, 참여형 이벤트로 다채롭게 꾸며져 있는 게 특징이며, 행사에서만 얻을 수 있는 익스클루시브 기념품인 아티스트 유니타의 인센스 챔버, 대형 향말 디자인의 담요인 슬리핑 삭스 래플 그리고 나만의 디자인으로 커스터미이징할 수 있는 키링도 만날 수 있습니다. 🎥 @popupmate #아디다스 #아디다스팝업 #아디다스팝업스토어 #컨펌드 #아디다스컨펌드

📍서울 성동구 성수이로20길 57 LAYER 57
📍57, Seongsui-ro 20-gil, Seongdong-gu, Seoul
📍매일 12:00 - 20:00
📍24.4.12(금)-24.4.22(월)
30주","['#아디다스', '#아디다스팝업', '#아디다스팝업스토어', '#컨펌드', '#아디다스컨펌드']"
"zoopeach
#아디다스 #가젤볼드 귀여워…….. 🤭💖
수정됨 · 92주","['#아디다스', '#가젤볼드']"
"s.soom
요즘 잘 신는 아디다스 친구들 정보와 🐾 야심한 밤까지 계속되는 매일의 일과들. 일년 중 가장 뭔가를 사부작 사부작 많이 준비하는 시기, 7월. 바쁘지만 햄복합니다 .. 🫧
20주",[]
"histofit_
올 여름 내 발에 포인트를 주고 싶다면 일단은 저장하기 컬러 미친 아디다스 신발 추천 6
27주",[]
"unnies_all
데일리로 신기에 좋은
10만원 이하 예쁜 운동화 추천
💙나랑 운동화 맞추러 가자💙
@@역시 나이키 최애야...쫀예..(❤´艸｀❤)

💗고데기 필요없는 헤어 추천 👉🏻@unnies_all

#신발 #운동화 #뮬 #나이키 #뉴발란스 #뉴발란스480 #회색 #아식스 #일상 #10만원이하 #데일리 #아디다스 #패션그램 #패션스타그램 #데일리신발 #데일리 #신발추천 #우정템 #커플템
39주","['#신발', '#운동화', '#뮬', '#나이키', '#뉴발란스', '#뉴발란스480', '#회색', '#아식스', '#일상', '#10만원이하', '#데일리', '#아디다스', '#패션그램', '#패션스타그램', '#데일리신발', '#데일리', '#신발추천', '#우정템', '#커플템']"
"curation_club
❄️ 일교차가 부쩍 심해진 요즘, 연인 혹은 친구들과 함께 신기 좋은 방한화를 찾고 계실 큐클러들은 주목! 취향을 크게 타지 않으면서도 따뜻함과 트렌디함을 겸비한 방한화 큐레이션을 준비했습니다 🤓 신고 벗기도 편안한 방한화들을 슬라이드를 넘겨 확인해 보세요 👀

@ 같이 신을 사람 태그

1. 아디다스 _ 퍼피렛
💸 8만 9천 원
📍아디다스 앱에서만 구매 가능

- 아디다스 3선 디테일이 포인트로 베이직하게 사용하기 좋은 아이템
- 편안한 착화감과 우수한 보온성으로 꾸안꾸템으로 제격
- 컬러는 블랙, 화이트 (2종)

2. 아디다스 _ 퍼피렛 페이크 프린티드 팩
💸 11만 9천 원
📍아디다스 앱에서만 구매 가능

- 아디다스 퍼피렛에 아디다스 인기 모델 4종 (슈퍼스타, 스탠 스미스, 포럼, 삼바)를 프린팅한 제품
- 기존 모델들의 패딩 버전으로, 귀여워진 비주얼과 따뜻함이 보장된 제품

3. 스부 _ 다운 샌들
💸 5만 2천 원대
📍스부 온라인 스토어(직구), 온라인 편집숍

- 가을•겨울을 위한 슬리퍼를 전문으로 제작하는 브랜드로, 방한화의 제품력이 뛰어남
- 단색으로만 출시되는 방한화들과 달리 도트, 별, 체크 등의 다양한 패턴 프린팅이 된 제품들도 출시함
- 흔하지 않은 패딩 슬립온을 찾고 있다면 스부의 패턴 다운 샌들과 콜라보 제품들을 추천
- 비교적 가격대도 저렴한 편

4. 노스페이스 _ 눕시 뮬
💸 8만 9천 원
📍노스페이스 온/오프라인 스토어 및 온라인 편집숍

- 노스페이스의 패딩 뮬로 꾸준히 많은 사랑을 받고 있는 제품
- 작년부터 많은 사랑을 받고 있는 노스페이스 눕시 패딩과도 함께 세트로 매치하기 좋음
- 슬립온으로 신다가 꺾어 신으면 뮬로도 사용이 가능해 편리성 측면에서 우수한 편

5. 어그 _ 타스만 퍼프
💸 17만 8천 원
📍어그 공식 온/오프라인 스토어

- 올해 많은 사랑을 받고 있는 ‘타스만’의 패딩 버전
- 신발 외부의 패딩폼에 스웨이드 디테일이 더해져 고급스러우며 뛰어난 보온성이 매력
- 성별을 타지 않는 디자인이라 커플템으로도 제격

6. 헌터 _ 인/아웃 슬립온
💸 14만 9천 원
📍헌터 부츠 온/오프라인 스토어 및 온라인 편집숍

- 올 여름, 많은 사랑을 받았던 브랜드 중 하나인 헌터 부츠의 패딩 슬립온
- 신발 상단부와 내부에 들어간 로고가 포인트
- 주로 로고 플레이를 하지 않는 방한화에서 크게 로고가 들어간 것이 매력
- 클래식한 블랙에 23FW 트렌드인 레드 컬러 포인트가 더해져 지금 시즌에 신기 좋음

7. 그라미치 _ 써멀 모크
💸 9만 9천 원
📍그라미치 온라인 스토어 및 온라인 편집숍

- 흔하지 않은 퀼팅 디테일이 돋보이는 아이템
- 발수 원단이 사용되어 눈이나 비에 젖어도 걱정이 없는 아이템
- 아메카지 스타일에 신으면 제격일 제품
- 컬러는 프린팅, 카키, 블랙 (3종)

쉽고 HYPE한 패션 매거진 @curation_club
📸 : @chelnokboys, @weekend_room, billys_tokyo, @subu_tokyo_japan, @thenorthface, @ugg, @hunterboots, @gramicci
51주",[]
"sneakers_prime
[제품 정보 공유]

스타들이 사랑한 “아디다스” 💕

글로벌 트렌드 이긴 했지만, 우리나라도 아디다스 삼바가 유행하기 시작한 트렌드 세터는 역시나 블랙핑크 제니 그리고 정호연님

@jennierubyjane @hoooooyeony

이번엔 편안함으로 무장 한 ”아디다스 태권도“ 🇰🇷

나 어릴 때 태권도 배울 때 사범님이 도복에 신었던 신발 같은데
이게 트렌드가 될 줄이야 😀

화이트 : JQ4774 | 블랙 : JQ4775

구매 정보 공유 드리겠습니다 😀

#아디다스태권도 #아디다스 #데일리룩 #데일리쇼핑 #adidas #adidasoriginals #dailylook
수정됨 · 12주","['#아디다스태권도', '#아디다스', '#데일리룩', '#데일리쇼핑', '#adidas', '#adidasoriginals', '#dailylook']"
"onl_ootd_
색상별로 보는 아디다스 져지 모음.zip🔥
가을에 입기 너무 좋자냐(ﾉ◕ヮ◕)ﾉ*:･ﾟ✧
@@용돈받으면 이거 사자ㄱㄱ

#가을코디 #오늘뭐입지 #아디다스
#아디다스져지 #아우터추천 #개강코디
#학생코디 #아우터
9주","['#가을코디', '#오늘뭐입지', '#아디다스', '#아디다스져지', '#아우터추천', '#개강코디', '#학생코디', '#아우터']"
"croket_official
노트북/패드 수납 ssap 가능이라는!💻
미리미리 준비하는 새학기 백팩 추천🎒
@@기본템부터 유니크템까지 전부 모아왔어><
ㅤ
🏫 Lee/스투시/잔스포츠/노스페이스 등!
🏫 화면 터치해서 제품 구매 가능!

#lee #스투시 #잔스포츠 #노스페이스 #몽벨 #아디다스 #새학기 #가방추천 #백팩추천
13주","['#lee', '#스투시', '#잔스포츠', '#노스페이스', '#몽벨', '#아디다스', '#새학기', '#가방추천', '#백팩추천']"
"fashionandstyle.official
남다른 힙❤️‍🔥아디다스 트랙팬츠

#아디다스 #아디다스트랙수트 #아디다스트랙팬츠 #트랙팬츠 #트랙팬츠코디 #트레이닝복 #바지코디
14주","['#아디다스', '#아디다스트랙수트', '#아디다스트랙팬츠', '#트랙팬츠', '#트랙팬츠코디', '#트레이닝복', '#바지코디']"
"umu131__
점심 먹고 바다 보러가기 🥵
44주",[]
"fashionandstyle.official
셀럽들의 아디다스 반팔티🖤✔️
크롭, 오버사이즈, 폴로셔츠 등 다양하고 핫한 @아디다스🔥

임보라: 아디다스 3S 베이비 티셔츠

남규리: 아디다스 아디컬러 클래식 삼선 티셔츠

나나 : 아디다스 80s 오버사이즈 스트라이프 폴로 셔츠

류이서: 아디다스 크롭 레이스 트림 티셔츠 화이트, 아디다스 세미 크롭 반팔티 그래디언트 트레포일 티

#아디다스 #아디다스반팔 #반팔코디 #반팔티 #반팔티추천 #아디다스오리지널스 #반팔추천
16주","['#아디다스', '#아디다스반팔', '#반팔코디', '#반팔티', '#반팔티추천', '#아디다스오리지널스', '#반팔추천']"
"croket_official
요즘 유니폼이 대세인거 아는사람? -`🙌🏻´-
스포티하면서도 깔끔해서 넘나링 이쁘다➰
@@이거 입으면 나도 핫걸 쌉가능🔥

⚽ 미국에서 직접 보내줘요!
⚽ 화면을 터치해서 바로 구매 가능!

#아디다스 #아디다스반팔 #반팔 #반팔추천 #반팔티 #커플룩 #커플티 #블록코어 #스포티
23주","['#아디다스', '#아디다스반팔', '#반팔', '#반팔추천', '#반팔티', '#커플룩', '#커플티', '#블록코어', '#스포티']"
"croket_official
유행 타지 않는 브랜드 반바지 모음 🩳
오래오래 편하게 입을 꿀템만 소개할게 📝
@@여름 코디 치트키 숏팬츠 ><

✔️ 아디다스/나이키 등 인기 브랜드!
✔️ 화면을 터치하면 제품 태그가 떠요!

#반바지 #반바지코디 #반바지추천 #여름코디 #아디다스 #나이키 #숏팬츠 #쇼츠 #바지추천
26주","['#반바지', '#반바지코디', '#반바지추천', '#여름코디', '#아디다스', '#나이키', '#숏팬츠', '#쇼츠', '#바지추천']"
"fashionandstyle.official
편하고 멋지게 아디다스 팬츠🖤3️⃣

#아디다스 #아디다스져지 #원마일웨어 #트레이닝복 #트레이닝팬츠 #트랙팬츠 #아디다스오리지널스
38주","['#아디다스', '#아디다스져지', '#원마일웨어', '#트레이닝복', '#트레이닝팬츠', '#트랙팬츠', '#아디다스오리지널스']"
"croket_official
동글동글 쉐입이 넘 귀여운 ´ ᵕ `♡°˚
🤍 국내 미발매 ‘아디다스 킥 K74’ 🤍
@@코르테즈st 인데 한국엔 없는 거랭!!

👟 크로켓에서 남녀 전사이즈 입고!
👟 화면을 터치해서 바로 구매 가능!

#아디다스 #아디다스신발 #아디다스운동화 #운동화추천 #신발추천 #유니크 #유니크패션 #코르테즈st #코르테즈 #크로켓_국내미출시
38주","['#아디다스', '#아디다스신발', '#아디다스운동화', '#운동화추천', '#신발추천', '#유니크', '#유니크패션', '#코르테즈st', '#코르테즈', '#크로켓_국내미출시']"
"croket_official
#아디다스 마저 점령한 헬로키티🎀
동글한 쉐입에 통굽이어서 키작녀도 추천해!
@@리본 뽀용한거 완전 졸귀탱(˶• ﻌ •˶)

💗 블랙/핑크/화이트 3컬러 입고 완료!
💗 화면을 터치해서 바로 구매하세요!ㅤ
ㅤ
#키티 #헬로키티 #아디다스신발 #키작녀 #리본 #콜라보 #통굽슬리퍼
17주","['#아디다스', '#키티', '#헬로키티', '#아디다스신발', '#키작녀', '#리본', '#콜라보', '#통굽슬리퍼']"
"croket_official
운동화 고민중인 사람들을 위해 준비한!
👟 아디다스 조녜 운동화 추천 👟
@@뭘 좋아할지 몰라 전부 가져와봤어 😘❤️

✔️ 스페지알/삼바/가젤 등 인기 라인업
✔️ 제품태그 클릭해서 바로 구매하세요!

#아디다스 #신발 #신발추천 #아디다스오리지널스 #스페지알 #아디다스삼바 #가젤 #운동화 #운동화추천
23주","['#아디다스', '#신발', '#신발추천', '#아디다스오리지널스', '#스페지알', '#아디다스삼바', '#가젤', '#운동화', '#운동화추천']"
"croket_official
🗣️ 노트북 들어가는 데일리백 찾는 사람?!
보부상 필수템이라는 숄더백 알려줌 👜✨
@@예쁜데 수납력까지 챙겼다구 ><

✔️ 인기 브랜드 보부상백 ’2만원대~‘
✔️ 화면을 터치하면 제품 태그가 떠요!

#보부상백 #노트북가방 #숄더백 #호보백 #크로스백 #코스 #앤아더스토리즈 #아디다스 #가방추천
29주","['#보부상백', '#노트북가방', '#숄더백', '#호보백', '#크로스백', '#코스', '#앤아더스토리즈', '#아디다스', '#가방추천']"
"l.stylestep
#협찬 화요팅🔥
@shoemarker.co.kr
📎제품 소개 : [슈마커] 아디다스 듀라모 RC U

▪️이제 월요일 지났네...주말은 언제올라나....😂오늘 @shoemarker.co.kr 에서 제품을 제공해 주셨습니다.

▪️요 신발은 가성비와 내구성이 뛰어나고, 러너를 위해 디자인된 신발중 하나입니다.

▪️듀라모 RC는 통기성을 제공하는 가벼운 메쉬 갑피와 편안한 보폭을 위해 미드솔을 적용했다고 합니다.

▪️그리고 또 하나 가장 마음에 드는 점은 성능뿐 아니라 재활용 소재로 제작되어 환경 친화적이라고 해요.

▪️컬러는 2가지 컬러로 구성되어있고, 신어보시면 알겠지만 진짜 가볍고 엄청 편했어요. 그리고 어떤 코디에도 잘 어울리는 신발입니다‼️

▪️요만한 갓성비 신발은 진짜 없는거 같아요. 러닝하시거나 운동하시는 분들에게 진짜 강추입니다👍

#슈마커 #아디다스 #아디다스운동화 #런닝화 #운동화 #편한운동화 #운동화추천 #편한운동화추천 #코디추천
1주","['#협찬', '#슈마커', '#아디다스', '#아디다스운동화', '#런닝화', '#운동화', '#편한운동화', '#운동화추천', '#편한운동화추천', '#코디추천']"
"ygad_official
베이비몬스터 - adidas💙

At our most comfortable in #adidaszne

#YGAD #YG #BABYMONSTER #베이비몬스터 #adidas #adidaskr #아디다스 #adidaszne #adidassportswear #createdwithadidas
@babymonster_ygofficial @adidas @adidaskr
11주","['#adidaszne', '#YGAD', '#YG', '#BABYMONSTER', '#베이비몬스터', '#adidas', '#adidaskr', '#아디다스', '#adidaszne', '#adidassportswear', '#createdwithadidas']"
"watch_together_
세상 퐁신 퐁신해보이는
#아디다스 아딜렛24 코어블랙 슬리퍼🖤
@@ 나랑 같이 커플로 신어조(ง ͠° ͟ʖ ͡°)ง
.
📌프로필에 구매링크 있어요>> @watch_together_
19주",['#아디다스']
"insight.co.kr_fashion
꾸안꾸룩에 찰떡인 셀럽들의 아디다스 티셔츠 정보 모음

#아디다스티셔츠 #아디다스 #임보라 #나나 #포스팅문의 #아디다스오리지널스
15주","['#아디다스티셔츠', '#아디다스', '#임보라', '#나나', '#포스팅문의', '#아디다스오리지널스']"
"lady_good_tip
존예 가방 맛집이라는 아디다스✨
@@뭐야 이거 다 줘요 T.,T
.
오늘의 꿀팁은👉 @lady_good_tip
.
#아디다스 #아디다스가방 #가방 #미니백 #가방맛집 #가방추천 #여친 #여친선물 #선물추천
3주","['#아디다스', '#아디다스가방', '#가방', '#미니백', '#가방맛집', '#가방추천', '#여친', '#여친선물', '#선물추천']"
"good_tip_unni
존예 가방 맛집이라는 아디다스✨
@@뭐야 이거 다 줘요 T.,T
.
오늘의 꿀팁은👉 @good_tip_unni
.
#아디다스 #아디다스가방 #가방 #미니백 #가방맛집 #가방추천 #여친 #여친선물 #선물추천
2주","['#아디다스', '#아디다스가방', '#가방', '#미니백', '#가방맛집', '#가방추천', '#여친', '#여친선물', '#선물추천']"
"c_eunnnnnnn
해브어굿데이
5주",[]
"2ppi
#광고 @originals_kr
8월14일!! 메모메모 🙆‍♀️
아디다스가 서울 북촌 한옥마을에 최초 스니커즈 샵을 오픈했어요 💙
서울과 북촌을 주제로 한 익스클루시브 디자인 제품도 만날 수 있고 자신만의 신발과 티셔츠를 커스텀할 수 있는 커스터마이징 서비스까지! 넘 특별해 ✨

#아디다스 #아디다스북촌 #아디다스 스니커즈샵 #adidas #adidasBukchon
#adidasSneakersshop
#아디다스오리지널스 #SL72
수정됨 · 14주","['#광고', '#아디다스', '#아디다스북촌', '#아디다스', '#adidas', '#adidasBukchon', '#adidasSneakersshop', '#아디다스오리지널스', '#SL72']"
"iamsezero
리폼한 #아디다스 반바지 입구 신나게 돌아다닌 하루😝
요즘 이렇게 아디다스 팬츠에 귀여운 블라우스 매치하는게 약간 유행이잖아요? 너어엉무 귀여워!!

#아디다스팬츠 #아디다스팬츠추천 #아디다스오리지널
수정됨 · 19주","['#아디다스', '#아디다스팬츠', '#아디다스팬츠추천', '#아디다스오리지널']"
"consuming.life
흔하지 않고 예쁜 것들만 모아둠!!!
겨울에 입기 좋은🖤 #아디다스 존예템 모음🖤
우리 커플템 여기서 고르자!!

💬나한테 어울리는 거 골라조><
1주",['#아디다스']
"jooyjin_
코디 대만족 😶
43주",[]
"unnies_all
꾸안꾸로 입기 좋은 힙한 무드 뿜뿜
✨아디다스 삼선템 추천✨
기본템으로 하나만 있어도 여름철 거뜬함ヾ(•ω•`)o

💗말라보이게 만드는 옷 입는방법이 궁금하다면?👉🏻@unnies_all

#아디다스 #아디다스반팔티 #아디다스바지 #아디다스반바지 #아디다스티셔츠 #티셔츠 #티셔츠추천 #티셔츠코디 #여름코디 #여름패션 #아디다스져지
27주","['#아디다스', '#아디다스반팔티', '#아디다스바지', '#아디다스반바지', '#아디다스티셔츠', '#티셔츠', '#티셔츠추천', '#티셔츠코디', '#여름코디', '#여름패션', '#아디다스져지']"
"dispatch_style
-
최근 북촌 한옥마을에 오픈한 아디다스 스토어

[아디다스 북촌 헤리티지 스토어]
📍서울특별시 종로구 북촌로5길 56-8
✔️국내 최초 아디다스 스니커즈 전문샵

#아디다스 #북촌 #북촌한옥마을 #한옥마을 #아디다스오리지널스 #아디다스북촌헤리티지스토어 #아디다스스니커즈 📸@originals_kr
13주","['#아디다스', '#북촌', '#북촌한옥마을', '#한옥마을', '#아디다스오리지널스', '#아디다스북촌헤리티지스토어', '#아디다스스니커즈']"
"174___24
감기 예약핑 🧚🏻‍♂️
4주",[]
"unboxing_note
📝 지금 저점인 이쁜 베이지 스니커즈 알려드릴께요 🔥

✅ ADIDAS @originals_kr
👞 Stadt Magic Beige
💰 ₩75,000

전세계 모든 꿀템을 알려 드립니다.
@unboxing_note
4주",[]
"dailyfashion_news
2024년 발매를 앞둔 콜라보 스니커즈 모음 👟

매시즌 다양한 브랜드들의 콜라보 👀
지난 SS24 컬렉션부터 최근 FW24 컬렉션 등에서
포착되었던 아이템 등 다양한 콜라보 스니커즈에 대해 전합니다 🔍

1️⃣,2️⃣ 미우 미우 x 뉴발란스
▪️지난해 10월 SS24 쇼를 통해 첫 공개된 뉴발란스와의 두 번째 협업 스니커즈
▪️뉴발란스 530 모델을 베이스로 평평한 밑창이 가장 큰 포인트
▪️어퍼 전체에 스웨이드 소재를 적용했으며 두 종류의 슈레이스로 한 데 묶어 포인트를 줌
🗓️예상 출시일: 2024년 2월 27일
💸예상 가격: 850유로 (한국 발매가: 150만 원)
🎨컬러 : 탄 스웨이드, 브라운 스웨이드

3️⃣ 오라리 x 뉴발란스
▪️파리에서 선보인 FW24 런웨이에서 첫 공개
▪️통기성 좋은 메쉬와 가죽 그리고 스웨이드 소재 혼합이 특징
▪️MADE IN USA 라인으로 뛰어난 퀄리티와 착용감 제공
🗓️2024년 가을/겨울 시즌 출시 예정(출시일, 가격 미정)
🎨컬러 : 그레이&블루, 블루&크림

4️⃣ 웨일스 보너 x 아디다스
▪️쓰리 스트라이프에 새겨진 골드 컬러의 스터드 모델은 750족 한정 발매
▪️아디다스의 쓰리 스트라이프에 새겨진 골드 컬러의 스터드로 포인트
▪️750족 한정임을 알 수 있는 레터링을 삼바의 시그니처 텅 안 쪽에 새겨넣음
▪️그린 컬러의 뱀피로 뒤덮인 모델과 화이트와 블루로 청량한 느낌을 살린 모델도 함께 공개
🗓️2024년 봄/여름 시즌 출시 예정(출시일, 가격 미정)
🎨컬러 : 블랙, 그린, 화이트&블루

5️⃣ 송 포 더 뮤트 x 아디다스
▪️아디다스와 호주 기반의 브랜드 송 포 더 뮤트의 세 번째 콜라보레이션
▪️70년대 아디다스 컨트리 OG를 광택있는 가죽과 스웨이드 갑피로 재해석
▪️레이스 패턴 슈레이스가 함께 부착된 것이 특징
▪️해당 모델 외에도 다른 스니커즈와 의류 컬렉션도 함께 출시 될 것으로 보임
🎨컬러 : 카멜, 버건디, 블랙

6️⃣ 자크뮈스 x 나이키
▪️에어 휴마라, 에어 포스에 이은 새로운 콜라보레이션, 나이키 에어 맥스 1 모델로 진행됨
▪️어퍼에는 자크뮈스 x 나이키 협업의 시그니처인 미니 스우시 로고가 새겨짐
▪️스니커즈 어퍼와 유사한 소재의 더블 로고 태그 함께 제공
🗓️2024년 6월 출시 예정 (가격 미정)
🎨컬러 : 화이트, 실버

7️⃣ 키코 코스타디노프 x 헤븐 바이 마크 제이콥스 x 아식스
▪️헤븐 바이 마크 제이콥스와 아식스 노발리스의 디렉팅을 맡고 있는 키코 코스타디노프의 삼자 협업
▪️아식스 젤 키릴을 베이스로 메리 제인 실루엣을 연출했으며 어퍼에는 별 모양의 자수를 새겨넣음
▪️많은 가닥의 스트랩으로 디자인에 포인트를 줬으며 레더 소재의 스트랩을 추가한 디테일 연출
🗓️2024년 출시 예정(출시일, 가격 미정)
🎨컬러 : 블랙&그레이

8️⃣ 클랏 x 아디다스 슈퍼스타
▪️작년 상해에서 열린 클랏 20주년 기념 파티에서 첫 포착
▪️클랏과 아디다스는 2008년 처음으로 협업 프로젝트 진행
▪️어퍼를 레더로 처리했으며 샤크솔 아웃솔이 가장 큰 특징
🗓️2024년 출시 예정 (출시일, 가격 미정)
🎨컬러 : 화이트, 블랙, 브라운

9️⃣ 오픈와이와이 x 푸마
▪️스웨이드 재질과 독특한 실루엣으로 해외에서 트렌드 시작
▪️탈부착이 가능한 텅이 특징, 힐탭에는 각각 푸마와 오픈와이와이 로고 삽입
▪️스니커즈는 물론 의류 협업까지 예정, 상세 내용 미공개
🗓️2024년 3월 넷째 주 출시 예정 (가격 미정)
🎨컬러 : 핑크&실버, 베이지&실버, 블랙&실버

🔟 루이비통 x 팀버랜드
▪️퍼렐 윌리엄스가 선보인 세 번째 루이비통 쇼에서 처음으로 공개
▪️팀버랜드의 시그니처 모델인 6인치 워커 부츠를 베이스로 7가지 버전으로 선보임
▪️브라운 모노그램 패턴의 한정 모델은 트렁크에 담긴 채로 공개됨 (18k 골드가 포인트)
🗓️2024년 가을/겨울 시즌 출시 예정(출시일, 가격 미정)
🎨컬러 : 블랙, 위트 브라운, 브라운 모노그램

#데패뉴그것이알고싶다
#스니커즈 #콜라보레이션

📷 @sojeannekim @carterwangchina @woganwodeyang
Highsnobiety, 각 브랜드 계정
수정됨 · 41주","['#데패뉴그것이알고싶다', '#스니커즈', '#콜라보레이션']"
"onl_ootd_
힐탭 지퍼 디테일이 뽀인뚜인
데일리로 신고싶은 #아디다스 삼베 데님🤍💙
@@ 헐? 이거 뭔가 완내스,,,(∩˃ω˂∩)
.
📌프로필에 구매링크 있어요😘!
6주",['#아디다스']
"croket_official
시험기간 백팩 찾는 보부상들 주목 👀✨
노트북도 들어가는 휘뚤마뚤 아디다스백 🩵
@@한국에 없는 컬러라는데?!

✔️ ‘6만원대’ 유니크 아디다스 백팩!
✔️ 화면을 터치해서 구매하세요!

#아디다스 #백팩 #아디다스백팩 #백팩추천 #데일리백 #가방 #노트북가방 #보부상가방 #가방추천
31주","['#아디다스', '#백팩', '#아디다스백팩', '#백팩추천', '#데일리백', '#가방', '#노트북가방', '#보부상가방', '#가방추천']"
"iamsezero
신발 포인트 💗🤎
#아디다스 #adidas
7주","['#아디다스', '#adidas']"
"croket_official
봄맞이 휘뚤마뚤백 찾는 사람?! 🖐🏻
해외에만 나온 아디다스 보부상백 발견 💟
@@귀염뽀짝 키링까지 덤으로 준댕 ><

✈️ 크로켓에서 8만원대 입고!
✈️ 화면을 터치해서 구매 가능!

#아디다스 #키링 #숄더백 #아디다스가방 #키치 #가방추천 #보부상가방 #데일리가방 #데일리백 #숄더백추천
36주","['#아디다스', '#키링', '#숄더백', '#아디다스가방', '#키치', '#가방추천', '#보부상가방', '#데일리가방', '#데일리백', '#숄더백추천']"
"croket_official
미국에서 찾은 아디다스 쫀쫀 골지 크롭탑 💚
유니크한 컬러 조합으로 확실한 포인트룩🎵
@@집업 디테일이 넘 귀엽쟈나??

✅ 크로켓에서 ‘7만원대’ 구매 가능!
✅ 화면을 터치해서 구매하세요!

#아디다스 #삼선 #크롭티 #크롭탑 #집업 #슬림핏 #골지 #아디다스티셔츠 #티셔츠추천
28주","['#아디다스', '#삼선', '#크롭티', '#크롭탑', '#집업', '#슬림핏', '#골지', '#아디다스티셔츠', '#티셔츠추천']"
"croket_official
꾸안꾸로 딱 좋은 아디다스 삼선템 모음🗂️
오버핏 반팔티부터 원피스, 반바지까지 총정리 ✨
@@고민중이었다면 여기서 골라보쟝 ><

✅ 본문 속 아이템 바로 구매하려면?
✅ 화면을 터치하면 제품태그가 떠요!

#아디다스 #아디다스오리지널스 #아디다스져지 #삼선 #반팔티 #반팔티추천 #반바지 #여름코디 #여름반팔
24주","['#아디다스', '#아디다스오리지널스', '#아디다스져지', '#삼선', '#반팔티', '#반팔티추천', '#반바지', '#여름코디', '#여름반팔']"
"croket_official
블록코어의 정석이라는 삼선 슬리브 ⚽️
소장가치 있는 베켄바우어맛 디자인 ✨
@@연노랑색이 징짜 이쁘다구ㅠㅠ

✔️ 국내 미출시 아디다스 유니크템!
✔️ 화면을 터치해서 바로 구매 가능!

#아디다스 #롱슬리브 #블록코어룩 #베켄바우어 #아디다스삼선 #유니크패션 #아디다스추천 #블록코어코디 #티셔츠추천
29주","['#아디다스', '#롱슬리브', '#블록코어룩', '#베켄바우어', '#아디다스삼선', '#유니크패션', '#아디다스추천', '#블록코어코디', '#티셔츠추천']"
"croket_official
작년에 품절대란 났던 아디다스 아딜렛!
올해 나온 신상은 신발끈도 같이 준다고! 🫢💗
@@올여름 이걸로 휘뚤마뚤 뽕뽑쟈 >< 🫶🏻

🪧 국내 미출시 ‘아디다스 아딜렛 클로그’
🪧 화면을 터치해서 6만원대 구매 가능!

#아디다스 #아딜렛 #클로그 #샌들 #슬리퍼 #슬리퍼추천 #신발추천 #신상신발 #커플신발
27주","['#아디다스', '#아딜렛', '#클로그', '#샌들', '#슬리퍼', '#슬리퍼추천', '#신발추천', '#신상신발', '#커플신발']"
"america_gallegos55
문의는 👉 @myulive
문의는 👉 @myulive

💖브랜드 의류 잡화 창고털이 💖

밴드가입 해주세요!!!!! 뮤뮤라방
💥프로필 링크 클릭💥

주문은 카톡채널 뮤뮤라방
.
.
.
#브랜드의류 #나이키 #아디다스 #원정방송 #라이브방송
#라방특가 #라이브할인 #재고방송 #창고방송 #떨이
#땡처리 #라이브셀러 #맞팔 #소통 #창고라방
#브랜드방송 #물류창고방송 #노스페이스 #이미스 #폴로
#폴로니트 #폴로가디건 #폴로셔츠 #타미 #스투시
#맨투맨 #후드티 #아크테릭스 #말본
3주","['#브랜드의류', '#나이키', '#아디다스', '#원정방송', '#라이브방송', '#라방특가', '#라이브할인', '#재고방송', '#창고방송', '#떨이', '#땡처리', '#라이브셀러', '#맞팔', '#소통', '#창고라방', '#브랜드방송', '#물류창고방송', '#노스페이스', '#이미스', '#폴로', '#폴로니트', '#폴로가디건', '#폴로셔츠', '#타미', '#스투시', '#맨투맨', '#후드티', '#아크테릭스', '#말본']"
"atc_magazine
가격이 4배나 떡상한 옷이 있다?

바로 아디다스의 와플 소재로 된 흰검 조합의 베켄바우어 트랙 자켓. 투어스의 ‘신유’부터 라이즈의 ‘은석’까지 여러 핫한 남자 아이돌들이 입고 나오면서 점차 가격이 오르더니 최근에는 무려 4배까지 가격이 올랐다고 하는데요.

이젠 돌판에서 자칭 미남판독기(?)로 불린다는 이 옷, 다음에는 또 어떤 아이돌이 입고 나올지 궁금하네요♥️
수정됨 · 40주",[]
"watch_together_
겨울 보부상들에게 찰떡이라는
몽글몽글한 #아디다스 뽀글이백🐏🤎
잡동사니 막 때려넣기 딱 좋음👍
.
📌프로필에 구매링크 있어요😘!
.
.
#보부상 #숄더백 #가방추천
56주","['#아디다스', '#보부상', '#숄더백', '#가방추천']"
"good_honeytip
신을수록 예쁘다는 아디다스 데일리 운동화!
@@커플템으로도 좋을듯!?
.
오늘의 꿀팁은👉 @good_honeytip
.
#운동화 #아디다스 #아디다스운동화 #예쁜운동화추천 #아디다스운동화추천 #가젤 #가젤추천 #우정템 #우정신발 #우정운동화 #커플 #커플신발 #커플운동화 #운동화추천 #존예운동화
12주","['#운동화', '#아디다스', '#아디다스운동화', '#예쁜운동화추천', '#아디다스운동화추천', '#가젤', '#가젤추천', '#우정템', '#우정신발', '#우정운동화', '#커플', '#커플신발', '#커플운동화', '#운동화추천', '#존예운동화']"
"good_tip_pig
옷이랑 깔맞춤하기 좋은 색깔별 운동화 추천👟
@@커플템으로 어떄?
.
오늘의 꿀팁꿀꿀🐽 @good_tip_pig
.
#꿀팁 #정보 #공감 #유머 #애인 #남자친구 #여자친구 #애인선물 #남친선물 #여친선물 #기념일선물 #신발 #신발추천 #나이키 #아디다스 #반스 #컨버스
35주","['#꿀팁', '#정보', '#공감', '#유머', '#애인', '#남자친구', '#여자친구', '#애인선물', '#남친선물', '#여친선물', '#기념일선물', '#신발', '#신발추천', '#나이키', '#아디다스', '#반스', '#컨버스']"
"menwgirl
올가을/겨울 무조건 유행할!
실착존예 신발 추천 모음👟

@@이거 이쁘다!!
@@이거 커플신발 어때?

#가을신발 #겨울신발 #가을코디 #겨울코디 #가을코디추천 #겨울코디추천 #꾸안꾸 #패션 #아디다스 #나이키
57주","['#가을신발', '#겨울신발', '#가을코디', '#겨울코디', '#가을코디추천', '#겨울코디추천', '#꾸안꾸', '#패션', '#아디다스', '#나이키']"
"shoes_truck
_
뉴발란스 1906R 실버 메탈릭 & 씨솔트 🤍🤍

데일리로 신기 좋은 디자인에 컬러도 예쁜 스니커즈 찾고 계시면 추천드리는 1906 모델이에요🔍

베이직한듯 유니크한 컬러감이 봄여름에 시원한 느낌으로 잘 어울릴거예요💚

#뉴발란스1906 #슈즈트럭사진
31주","['#뉴발란스1906', '#슈즈트럭사진']"
"lady_good_tip
10만원 이하 운동화 추천 모음
@@이거 사구 싶당..
.
오늘의 꿀팁은👉 @lady_good_tip
.
#운동화 #운동화추천 #신발 #신발추천 #나이키 #뉴발란스 #반스 #아디다스 #아식스 #가성비운동화 #구매 #신발모음 #운동화모음 #정보
27주","['#운동화', '#운동화추천', '#신발', '#신발추천', '#나이키', '#뉴발란스', '#반스', '#아디다스', '#아식스', '#가성비운동화', '#구매', '#신발모음', '#운동화모음', '#정보']"
"pretty_good_tip
옷이랑 깔맞춤하기 좋은 색깔별 운동화 추천👟
@@커플템으로 어떄?
.
오늘의 꿀팁은👉 @pretty_good_tip
.
#꿀팁 #정보 #공감 #유머 #애인 #남자친구 #여자친구 #애인선물 #남친선물 #여친선물 #기념일선물 #신발 #신발추천 #나이키 #아디다스 #반스 #컨버스
36주","['#꿀팁', '#정보', '#공감', '#유머', '#애인', '#남자친구', '#여자친구', '#애인선물', '#남친선물', '#여친선물', '#기념일선물', '#신발', '#신발추천', '#나이키', '#아디다스', '#반스', '#컨버스']"
"matsu_magazine
색상별로 보는 아디다스 져지 모음.zip🔥
가을에 입기 너무 좋자냐(ﾉ◕ヮ◕)ﾉ*:･ﾟ✧
@@용돈받으면 이거 사자ㄱㄱ

#가을코디 #오늘뭐입지 #아디다스
#아디다스져지 #아우터추천 #개강코디
#학생코디 #아우터
9주","['#가을코디', '#오늘뭐입지', '#아디다스', '#아디다스져지', '#아우터추천', '#개강코디', '#학생코디', '#아우터']"
"yooni___w
아디다스 SL 72 OG 올모스트 옐로우🤍
보자마자 반해버린 제품이에요..🙈

색조합이며 디자인이며 너무 마음에 들어유😭
220-300사이즈까지 5단위로 출시되었어요!
상세컷은 스토어에서 확인가능합니다💗
48주",[]
"kkotbun_beauty
올가을 무조건 장만해야 하는 아디다스 져지💕
컬러별 아디다스 져지들을 모아왔어요🌷❤️

@@올가을에는 무조건 이 져지 산다!!

#꽃분이_패션👗

#아디다스 #아디다스져지 #져지추천 #컬러별져지 #아디다스컬러별져지 #패션스타그램 #코디스타그램 #가을트렌드 #가을아우터 #가을져지 #10대 #20대 #30대 #아디다스아우터 #일상 #데일리 #오오티디 #가을패션아이템 #데일리룩 #패션 #가을코디
8주","['#꽃분이_패션👗', '#아디다스', '#아디다스져지', '#져지추천', '#컬러별져지', '#아디다스컬러별져지', '#패션스타그램', '#코디스타그램', '#가을트렌드', '#가을아우터', '#가을져지', '#10대', '#20대', '#30대', '#아디다스아우터', '#일상', '#데일리', '#오오티디', '#가을패션아이템', '#데일리룩', '#패션', '#가을코디']"
"_semdi__
요즘 운동화 많이 샀눈데,,,볼수록 맘에드는 이 친구👀👟

#addidasoriginals #songforthemute #운동화 #아디다스 #봄코디 #여자운동화추천
31주","['#addidasoriginals', '#songforthemute', '#운동화', '#아디다스', '#봄코디', '#여자운동화추천']"
"croket_official
예쁜데 수납력도 짱짱한 만능 보부상백!
해외에서 찾은 아디다스 데님 스포츠백이야 💙
귀여운 미니 파우치도 달려 있다구 ><

👉 디테일컷은 본문에서 확인!
✅ 화면을 터치하면 제품 태그가 떠요!

#크로켓_국내미출시 #아디다스 #아디다스가방 #숄더백 #아디다스오리지널 #아디다스신상 #휘뚜루마뚜루백 #보부상가방
59주","['#크로켓_국내미출시', '#아디다스', '#아디다스가방', '#숄더백', '#아디다스오리지널', '#아디다스신상', '#휘뚜루마뚜루백', '#보부상가방']"
"song__yujin
요거요거 아디다스 자켓 스테디로 입기도 너무 좋고
아무데나 입기에도 휘뚜루 마뚜루 최고에요😊
지금 할인도 50%나 하고 있다고요 완전 개꿀❗️

품절되기전에 얼른 구매 하세유 ㅎㅎ

🌟제품명이나 구매처 궁금하신 분들은 팔로우 먼저 해주시고 해당 게시물 좋아요 눌러주시고 “정보”라고 댓글 달아주셔야 오류없이 정상적으로 메세지 보내집니다❗️❗️❗️

#아디다스 #아디다스자켓 #코디추천 #여자코디 #여자데일리룩 #바람막이코디 #자켓코디 #반바지코디 #여자코디추천 #여자오오티디
20주","['#아디다스', '#아디다스자켓', '#코디추천', '#여자코디', '#여자데일리룩', '#바람막이코디', '#자켓코디', '#반바지코디', '#여자코디추천', '#여자오오티디']"
"fashionandstyle.official
아디다스 팬츠에 믹스매치 슈즈🥿
뻔한 운동화 말고 트렌디한 아이템 코디👏 @참고해✔️

1. 플랫슈즈

2. 슬리퍼, 샌들

3. 로퍼

4. 롱부츠

#아디다스 #아디다스오리지널스 #신발추천 #플랫슈즈 #로퍼 #롱부츠 #슬리퍼
27주","['#아디다스', '#아디다스오리지널스', '#신발추천', '#플랫슈즈', '#로퍼', '#롱부츠', '#슬리퍼']"
"lady_good_tip
컬러별로 알아보는 아디다스 가젤!
@@나는 핑크가 젤 예쁘당 ㅎㅎ
.
오늘의 꿀팁은👉 @lady_good_tip
.
#아디다스 #아디다스가젤 #가젤 #가젤색상 #가젤추천 #패션 #패션스타그램 #패션그램 #아디다스신발 #신발추천 #커플템 #커플신발
21주","['#아디다스', '#아디다스가젤', '#가젤', '#가젤색상', '#가젤추천', '#패션', '#패션스타그램', '#패션그램', '#아디다스신발', '#신발추천', '#커플템', '#커플신발']"
"croket_official
🔥 최근에 문의 많았던 그 가방 🔥
크로켓 직원도 찐 소장중인 국내 미출시템!
@@보부상들한테 이만한 게 없음 👍🏻

🛒 아디다스 올웨이즈 가죽 호보백
🛒 화면을 터치하면 제품태그가 떠요!

#아디다스 #올웨이즈숄더백 #아디다스가방 #가방추천 #데일리가방 #보부상가방 #호보백 #크로켓_국내미출시
44주","['#아디다스', '#올웨이즈숄더백', '#아디다스가방', '#가방추천', '#데일리가방', '#보부상가방', '#호보백', '#크로켓_국내미출시']"
"croket_official
💗핑크덕후 숨멎하는 #아디다스 팬츠💗
존재감 뿜뿜하는 쿨한 퍼플핑크가 조녜💜✨
@@국내에 없는 유니크한 컬러>_<

👖 ‘2XS~XL’ 사이즈 구매가능!
👖 화면을 터치해서 바로 구매하세요!

#아디다스바지 #아디다스추천 #아디다스 #바지 #바지추천 #핑크 #핑크덕후 #핑크러버
6주","['#아디다스', '#아디다스바지', '#아디다스추천', '#아디다스', '#바지', '#바지추천', '#핑크', '#핑크덕후', '#핑크러버']"
"croket_official
품절대란이었던 클로그가 신상이 나왔다구?
요거 지금 사면 제대로 뽕 뽑을 듯💗
@@나랑 이걸루 신꾸할 사람(*ˊᵕˋ*)ﾉ

💕 국내 미출시 ‘아디다스 아딜렛 클로그’
💕 화면을 터치해서 6만원대 구매 가능!

#신꾸 #신발 #신발추천 #신발스타그램 #여름신발 #슬리퍼 #클로그 #아디다스
18주","['#신꾸', '#신발', '#신발추천', '#신발스타그램', '#여름신발', '#슬리퍼', '#클로그', '#아디다스']"
"croket_official
데일리 슈즈로 딱 ‘꾸안꾸 신발 모음‘🗂️
무슨 브랜드 좋아할지 몰라서 다 준비함!
@@아직 없으면 여기서 하나 골라봥😎

👟아식스/오니츠카/나이키/아디다스 등!
👟화면을 터치해서 바로 구매 가능!

#신발 #신발추천 #아식스 #오니츠카타이거 #나이키 #아디다스 #아디다스신발 #나이키매니아
12주","['#신발', '#신발추천', '#아식스', '#오니츠카타이거', '#나이키', '#아디다스', '#아디다스신발', '#나이키매니아']"
"croket_official
🗣️ 아디다스 반팔티 1+1 특가 떴다 🔥
깔끔한 데일리 티셔츠 득템 찬스 🖤
@@요거 커플템으로도 조녜일듯 ><

✔️ 아디다스 반팔티 두 장 ‘9만원대’!
✔️ 화면을 터치해서 바로 구매 가능!

#아디다스 #아디다스반팔티 #반팔티추천 #커플티 #커플티추천 #커플반팔티 #데일리룩 #꾸안꾸 #반팔티셔츠
28주","['#아디다스', '#아디다스반팔티', '#반팔티추천', '#커플티', '#커플티추천', '#커플반팔티', '#데일리룩', '#꾸안꾸', '#반팔티셔츠']"
"croket_official
🖤매일 들기 좋은 휘뚤마뚤 백팩 추천🖤
10만원 이하 인기 브랜드템만 모아왔어!
@@이거 하나면 데일리백 걱정 없음 >< 🫶

✔️ 품절 대란/국내 미출시 제품까지!
✔️ 화면을 터치해서 바로 구매하세요!

#백팩 #백팩추천 #가방추천 #데일리가방 #학생가방 #갓성비 #아디다스 #잔스포츠
45주","['#백팩', '#백팩추천', '#가방추천', '#데일리가방', '#학생가방', '#갓성비', '#아디다스', '#잔스포츠']"
"croket_official
🌬️ 일교차 큰 요즘 필수템인 바람막이!
제니도 즐겨입는 아디다스 힙한 템 발견 😎🖤
@@아침저녁으로 휘뚤마뚤 하기 넘 조음 ><

🛒 공홈보다 저렴한 ‘7만원대’ 입고!
🛒 화면을 터치해서 바로 구매하세요!

#아디다스 #아디다스바람막이 #아디다스삼선 #크롭바람막이 #아우터추천 #간절기코디 #바람막이추천 #아디다스추천 #데일리룩
29주","['#아디다스', '#아디다스바람막이', '#아디다스삼선', '#크롭바람막이', '#아우터추천', '#간절기코디', '#바람막이추천', '#아디다스추천', '#데일리룩']"
"vintage_morinogato
⋰˚☆
♡ 𝑨𝒅𝒊𝒅𝒂𝒔 다크브라운 골드 벨루아 져지셋업🤎
낙낙핏 와투케 • 고프코어 무드의 간지템 ,, 🎧🖤
수정됨 · 41주",[]
"good_honeytip
어디에도 찰떡인 가을 데일리 신발🤎
@@데일리룩에 다 어울려,,✨
.
오늘의 꿀팁은👉 @good_honeytip
.
#데일리 #데일리룩 #신발 #아디다스 #나이키 #가젤 #가을화 #가을신발 #커플신발 #추천
3주","['#데일리', '#데일리룩', '#신발', '#아디다스', '#나이키', '#가젤', '#가을화', '#가을신발', '#커플신발', '#추천']"
"_hey.news_
스포츠브라를 구매할 때 참고하면 좋을 가이드.

최근 한국소비자원이 소비자 선호도가 높은 브랜드의 스포츠 브라를 대상으로 지지력·흡수력·착용감 등을 평가한 결과를 공개했다.

총 7종의 제품을 선정했으며, 그 대상은 나이키(스우시 미디엄 서포트)・뉴발란스(WOMEN 슬릭 레터링 브라탑)・룰루레몬(에너지 롱라인 브라)・뮬라웨어(에센셜 숏 브라탑)・아디다스(파워리액트 트레이닝 미디엄 서포트 브라)・안다르(에어쿨링 스트라이프 브라탑)・언더아머(여성 UA 크로스백 롱라인 스포츠 브라)다.

평가 결과 뉴발란스와 아디다스 제품이 가슴을 잘 지지해 주는 편이었다. 반면 평가 대상 중 가장 낮은 점수를 받은 건 안다르 제품이었다. 상대적으로 ‘보통’ 수준의 지지력을 보여 강도가 낮은 운동에 적합한 것으로 드러났다.

땀을 흡수하는 정도를 평가한 결과, 뉴발란스・아디다스・언더아머의 제품은 땀이 흡수되는 속도가 빠르고 흡수 면적이 넓어 흡수성이 좋았다. 반면 안다르 제품은 흡수속도가 매우 느리고 땀이 퍼지는 면적도 가장 좁았다.

땀을 배출하는 정도에서는 나이키・뉴발란스・아디다스 제품이 ‘우수’했고, 룰루레몬・뮬라웨어・안다르・언더아머 제품은 상대적으로 ‘양호’했다.

움직임이 가장 편한 건 안다르의 제품이었다. 입고 벗기에 가장 편한 제품이기도 했다. 움직임이 편하고 입고 벗기에 편한 정도에서는 뮬라웨어 제품이 두 번째로 높은 점수를 받았다. 가장 낮은 점수를 받은 건 언더아머의 제품이었다.

이번 평가에는 가슴 사이즈가 B컵이며, 출산・수유・가슴 성형 경험이 없는 20대 여성 30명이 참여했다.

그래픽🎨: 김혜린
수정됨 · 7주",[]
"life_cheatkey
🖤절대 흔하지 않고 예쁜 것만 모아둠!!!🖤
겨울에 입기 좋은 #아디다스 존예템 모음56
우리 커플템 여기서 고르자!! @@예쁜거 짱 많당

여기 에뿐고 짱만타! @@나한테 어울리는 거 골라조><
56주",['#아디다스']
"jsionl
짱 맘에드는 저지셋업 장만했다
43주",[]
"hyuck_hwang
((뒤집어지는 쟈파니즈 쏭을 추천받습니다))

👔 @originals_kr
🧳 @heder_helen
⠀
#dailylook#대학생코디#학생코디#남자코디#10대코디#20대코디#캐주얼룩#캐주얼#스트릿#힙한코디#캐트릿#ocotd#아디다스#슈프림#헤더헬렌
26주","['#dailylook', '#대학생코디', '#학생코디', '#남자코디', '#10대코디', '#20대코디', '#캐주얼룩', '#캐주얼', '#스트릿', '#힙한코디', '#캐트릿', '#ocotd', '#아디다스', '#슈프림', '#헤더헬렌']"
"enelsl_22
핑크핑크 🩷 겨울 조아
2주",[]
"hypebeastkr
디자이너 안두가 커스텀 한 오버레이스 #아디다스 삼바 실루엣이 공개됐습니다. 스니커는 워싱 디테일이 더해진 어퍼 위 쿼터와 토박스 끝자리에 클립을 이어 #릭오웬스 스타일의 슈레이스가 완성됐는데요. 슬라이드를 넘겨 디자이너의 커스텀 스니커를 확인해 보세요. 사진: @andu.c
27주","['#아디다스', '#릭오웬스']"
"magazinebao
⠀
[학창시절 즐겨입었던 져지가 이제는 하나의 트렌드로]

이번 봄에 놓쳐서는 안되는 필수 아우터🌱
아디다스 트랙탑에 대해 얼마나 알고계시나요?

일명, 져지라고도 불리는 ‘트랙탑’은 다양한 디자인과 콜라보라인으로 이미 수많은 셀럽과 인플루언서에게 사랑받고 있습니다.
그 중 몇몇의 아이템은 은석져지, 윈터져지 등 아티스트의 이름에서 따온 별칭 또한 갖게 되었죠😎

하지만 베켄바우어, 파이어버드, 유로파 등 다양한 명칭에서부터 국가별 유니크 라인까지 어떤 트랙탑을 선택해야할지 어렵기만 하셨다고요?🤔

그래서 준비했습니다.
명칭별 핏감과 요즘 가장 핫한 트랙탑 정보까지, 나에게 꼭 맞는 트랙탑을 고르기 위한 아디다스 지침서!
이번 게시글을 통해 트렌디한 트랙탑코디를 즐겨보는 것은 어떨까요.

#아디다스 #아디다스져지 #트랙탑 #베켄바우어 #유로파 #파이어버드 #adidas
36주","['#아디다스', '#아디다스져지', '#트랙탑', '#베켄바우어', '#유로파', '#파이어버드', '#adidas']"
"honey.tip_
데일리로 신기에 좋은
10만원 이하 예쁜 운동화 추천
💙나랑 운동화 맞추러 가자💙
@@역시 나이키 최애야...쫀예..(❤´艸｀❤)

#신발 #운동화 #뮬 #나이키 #뉴발란스 #뉴발란스480 #회색 #아식스 #일상 #10만원이하 #데일리 #아디다스 #패션그램 #패션스타그램 #데일리신발 #데일리 #신발추천 #우정템 #커플템
36주","['#신발', '#운동화', '#뮬', '#나이키', '#뉴발란스', '#뉴발란스480', '#회색', '#아식스', '#일상', '#10만원이하', '#데일리', '#아디다스', '#패션그램', '#패션스타그램', '#데일리신발', '#데일리', '#신발추천', '#우정템', '#커플템']"
"yeoul_vintage
🧚🏻‍♂️이번 주 3/1(금) 20:30 🧚🏻‍♂️
아디다스 70년대 서독제 져지 라방 🩵
국내에서 다신 못볼 70년대 아디다스 서독제 제품들로만 구성되어 있는 져지 라방🔥
그냥 유니크한 색감이고 뭐고 레 전 드 입니다🫶🏻
서독제 마지막 라방입니다❗️

(프리뷰 제품들은 선구매가 불가합니다)
38주",[]
"croket_official
일본에서 찾은 아디다스 숄더백 💫
끈부터 네온 라인까지 완전 유니크해 😘
@@가벼운 휘뚤마뚤백 찾으면 요거!!

✅️ 일본 아디다스에서 7만원대!
👉 화면을 터치해서 구매하세요!

#아디다스 #숄더백 #데일리백 #스포티룩 #데일리룩 #보부상가방 #포인트가방 #크로켓_국내미출시
42주","['#아디다스', '#숄더백', '#데일리백', '#스포티룩', '#데일리룩', '#보부상가방', '#포인트가방', '#크로켓_국내미출시']"
"fashionandstyle.official
큰 거 왔다🤎아디다스 오리지널스 x 송 포 더 뮤트👟

꾸준히 협업을 선보이고 있는 두 브랜드가 2024 FW 시즌도 함께 합니다.

새롭게 공개된 협업 아디다스 컨트리 OG 모델은 70년대 러닝 스타일의 실루엣과 스토퍼를 이용한 로프 슈레이스 디테일이 특징인데요.

지금 송 포 더 뮤트 공식 웹사이트에서 구매 가능하니 확인해 보세요!

#아디다스 #운동화 #스니커즈 #송포더뮤트 #일상룩 #운동화추천 #SFTM #adidasoriginals
5일","['#아디다스', '#운동화', '#스니커즈', '#송포더뮤트', '#일상룩', '#운동화추천', '#SFTM', '#adidasoriginals']"
"onl_ootd_
데일리로 신기 딱 좋은
#아디다스 삼바 OG 크림 브라운🤎🤎
@@ 귀여운 나에게 사주세요ƪ(•̃͡•̃͡ ƪ
.
📌프로필에 구매링크 있어요😘!
5주",['#아디다스']
"fastpapermag
아디다스 삼바 다음 주자는 ‘제니 픽’ 아디다스 태권도?💭

아디다스 삼바의 뒤를 이을 ‘잇 아이템’으로 패페는 아디다스 태권도를 지목해 보겠습니다. 제니가 최근 본인의 인스타그램을 통해 공개한 미국 여행 사진 속 얼핏얼핏 보이는 스니커의 정체는 바로 아디다스 태권도였는데요.

국내에서는 아직 출시하지 않는 상품으로, 아디다스 영국 공식 홈페이지 기준 80 파운드 한화 약 14만 원에 판매 중입니다. 국내 발매일은 패스트페이퍼 업데이트를 통해 확인해 보세요!

🔸 아디다스 태권도
미니멀한 슬립온 디자인으로 2000년대 초반에 대한 향수를 불러일으키는 아이템! 독특한 앞코 스티칭과 브랜드의 시그니처 삼선 디자인이 특징입니다.

에디터 | 김보미
이미지 | @jennierubyjane, @adidas

#아디다스 #adidas #태권도 #taekwondo #제니 #jennie
24주","['#아디다스', '#adidas', '#태권도', '#taekwondo', '#제니', '#jennie']"
"kream.co.kr
낭만 가득한 아디다스 저지! 2024 버전으로 코디하기✨
날이 풀려서일까요?☀️ 아디다스 저지의 인기가 계속 이어져 랭킹에서 내려올 생각을 하지 않고 있는데요. 참고하기 좋은 저지 스타일링 모음을 들고 와 봤습니다. 우리가 추구하는 그 느낌 그대로, 올드함은 빼고 트렌디한 빈티지 무드를 담은 코디샷들 함께 보실까요?⚽

📷daisybirchalll, e1isabethng, rebecaoksana, sofiamcoelho
33주",[]
