단어,빈도
나이키,454
컬러,153
구매,101
제품,95
신발,94
운동화,87
출시,82
블랙,73
너무,72
러닝,72
추천,72
디자인,68
화이트,67
입니다,66
하는,65
에어,62
사이즈,60
발매,58
실버,56
링크,54
일리,54
스니커즈,53
프로필,50
브랜드,50
좋은,49
있는,49
오늘,48
아웃,47
모음,46
모델,45
착용,44
Nike,43
nike,42
해서,41
가격,41
croketofficial,40
화면,39
터치,39
맥스,38
포인트,38
합니다,37
운동,37
로우,37
블루,36
로고,36
협업,36
공개,36
그레이,34
아디다스,34
여름,33
요즘,33
느낌,33
가을,31
진짜,31
보메,31
NIKE,31
조합,31
신상,30
입고,30
사진,30
예정,29
많이,28
색감,28
자켓,28
그린,28
국내,28
되는,27
사람,27
하면,27
시작,27
코디,27
핑크,27
패션,27
되었습니다,26
에어포스,26
새로운,26
레이스,26
덩크,26
모든,26
겨울,25
하세요,25
다양한,25
신기,25
생각,25
매력,25
메탈,24
샥스,24
확인,24
정말,24
특징,24
지금,24
소식,24
아이템,24
상품,23
알려,23
보세요,23
코르,23
되어,23
있습니다,23
커플,23
26,23
통해,22
문의,22
인기,22
찰떡,22
매장,22
콜라보,21
뉴진스,21
가장,21
없는,21
컬렉션,20
주문,20
이미지,20
태그,20
fashionandstyleofficial,20
존예,20
unboxingnote,20
뉴발란스,20
매일,19
품절,19
팬츠,19
색상,19
nikeseoul,19
드립니다,19
선수,19
스타일,19
다시,19
같아요,19
공식,19
슈즈,19
정보,19
판매,19
스타,19
처음,19
menwgirl,19
별로,19
우시,18
가지,18
취향,18
2000년,18
보디,18
했는데,18
수영복,18
포스,18
브라운,18
빈티,18
자크,17
가방,17
뮈스,17
같은,17
lesyndrome,17
아식스,17
레트로,17
하기,17
라인,17
올해,17
언니,17
스토어,16
많은,16
축구화,16
30,16
레이서,16
일링,16
지드래곤,16
했다,16
역시,16
소재,16
양말,16
했습니다,16
curationclub,16
영감,16
트렌디,15
실물,15
레드,15
됩니다,15
꿀템,15
10만원,15
프리미엄,15
예쁜,15
6032,15
참스,15
스포츠,15
보고,15
보이는,14
최근,14
적용,14
제작,14
유행,14
24,14
28,14
가능,14
안감,14
하게,14
9월,14
싶은,14
정도,14
트랙,14
6000,14
지난,14
다운,14
Bode,14
주말,13
2024년,13
하며,13
하고,13
해외,13
KRW,13
신고,13
탄생,13
의류,13
최초,13
셀럽,13
진행,13
업데이트,13
시즌,13
완전,13
후디,13
만나,13
받아,12
킬샷,12
dailyfashionnews,12
스텀,12
선택,12
디테일,12
소개,12
우먼,12
코리아,12
선정,12
이후,12
이제,12
ㅎㅎ,12
하여,12
formen,12
가능한,12
여성,12
모아,12
근데,12
수영,12
FW,12
테크,12
Black,12
위해,12
직접,11
11월,11
아직,11
그냥,11
떠요,11
ladygoodtip,11
기존,11
어울리는,11
편하고,11
리스,11
경험,11
브라,11
부분,11
신는,11
전세계,11
미국,11
1000,11
사용,11
할인,11
무조건,11
꿀팁,11
라이트,11
노이즈,11
플랫폼,11
오로라,11
파라,11
10,11
날씨,11
FG,10
하루,10
디자이너,10
오픈,10
화보,10
제공,10
shoestruck,10
파스텔,10
페가수스,10
한정,10
우븐,10
새롭게,10
100,10
갖고,10
창고,10
신어,10
조던,10
color,10
높은,10
드릴께요,10
편한,10
zip,10
올려,10
홈페이지,10
todaygoodtip,10
없이,10
일정,10
어깨,10
베르디,10
가슴,10
심플,10
마지막,10
어퍼,10
문화,10
활용,10
todaywhat,10
준비,10
마음,9
newjeansofficial,9
입기,9
받은,9
추가,9
대해,9
2020년,9
오랜,9
플라이,9
찾아,9
공유,9
사랑,9
레깅스,9
러너,9
디너,9
2일,9
보르도,9
오후,9
SE,9
했던,9
이유,9
편하게,9
9천,9
기준,9
예상,9
Air,9
한국,9
가볍고,9
좌표,9
오버,9
20,9
좋아하는,9
후드,9
않은,9
아트,9
주목,9
선물,9
웨어,9
메쉬,9
오전,9
사실,9
unnitip,9
기술,8
커버,8
투맨,8
플라스틱,8
운동복,8
업뎃,8
goodtip,8
맞춰,8
보여,8
기념,8
myulive,8
밴드,8
윈드브레이커,8
귀여운,8
쇼핑,8
아주,8
필수,8
종류,8
자수,8
크로켓,8
바지,8
추후,8
해주세요,8
기본,8
cm,8
현대,8
모습,8
보기,8
스터드,8
팔로우,8
점퍼,8
서밋,8
댓글,8
현재,8
이렇게,8
엄청,8
클래식,8
인스타,8
담아,8
표현,8
받는,8
고민,8
드려요,8
뮤트,8
휘뚤마뚤,8
하이컷,8
자연,8
사이,8
친구,8
뮤뮤,8
공홈,8
시대,8
하체,8
클럽,8
이즈,8
행사,8
미래,8
and,8
패딩,8
그래픽,8
포착,8
어제,8
글로벌,8
The,8
한번,8
12월,8
무드,7
상태,7
레더,7
브이,7
한화,7
되었던,7
축구,7
콜라보레이션,7
장만,7
재질,7
2024,7
SNKRS,7
voguekorea,7
레이어,7
이쁜,7
좋을,7
어울려,7
걱정,7
있을,7
평가,7
뭔가,7
경매,7
투시,7
아우,7
서울,7
꾸안,7
유니크,7
뒀어요,7
케이,7
색깔,7
DM,7
쉐입,7
미미,7
저장,7
6일,7
주도,7
네이버,7
ㅋㅋㅋ,7
보니,7
데님,7
화제,7
흡수,7
카본,7
같은데,7
New,7
일본,7
쿠셔닝,7
스웻,7
당시,7
클릭,7
제일,7
주세요,7
초반,7
다양하게,7
벌써,7
3일,7
50,7
확실히,7
살짝,7
size,7
선보인,7
4일,7
영상,7
쿠폰,7
일반,7
리지,7
아스트로,7
코트,7
특별한,7
시리즈,7
계속,7
네이비,7
10월,7
번째,7
여러,7
슬라이드,7
나도,7
시티,7
에센셜,7
골지,7
그대로,7
GS,7
oo,6
살까,6
들어간,6
많으면,6
누가,6
디지털,6
사주면,6
부착,6
열심히,6
무신사,6
가젤,6
베스트,6
응모,6
해야,6
조켔,6
문제,6
예쁘고,6
온다,6
함께한,6
onlootd,6
그래버,6
휘뚜루마뚜루,6
기성,6
180,6
슈프림,6
버핏,6
하면서도,6
최애,6
흔하지,6
보그,6
아울렛,6
와플,6
존재,6
스웨이드,6
1일,6
주피터,6
더욱,6
사주는건,6
참고,6
감성,6
된장,6
바로크,6
분들,6
살로,6
아니라,6
슬슬,6
퍼렐,6
윌리엄스,6
했는데요,6
리스트,6
레이,6
낭낭,6
matsumagazine,6
자체,6
엉덩이,6
기도,6
특히,6
형태,6
kg,6
범고래,6
결과,6
퀄리티,6
the,6
관심,6
있음,6
반바지,6
넘겨,6
UPDATE,6
polobychance,6
있다는,6
궁금하다면,6
레터,6
미드,6
편안한,6
지향,6
Force,6
goodhoneytip,6
ㅋㅋㅋㅋ,6
중창,6
구성,6
minsufashion,6
혁신,6
입수,6
바람,6
xxxibgdrgn,6
꾸안꾸룩,6
내일,6
좋아요,6
포탈,6
해석,6
원래,6
사는,6
입는,6
보자,6
goodtipunni,6
달리기,6
사이트,6
바람막이,6
2025년,6
우정,6
한다,6
최고,6
포함,6
스캇,6
니트,6
디테,6
퍼컬,6
없다,6
타비,6
인테르,6
일이,6
라이즈,5
Kith,5
이름,5
AS,5
남겨,5
트렌드,5
셔츠,5
기대,5
비교,5
취급,5
스트레이트,5
마원,5
SHOES,5
세트,5
예고,5
2만원,5
러버,5
currererunners,5
스트릿,5
가는,5
신축,5
feedfashion,5
버스,5
소문,5
xs,5
Skirt,5
양식,5
있는데요,5
포트,5
담긴,5
라인업,5
프린팅,5
싶다,5
트레이닝,5
경우,5
비주류,5
그립,5
티셔츠,5
골라,5
NSW,5
계정,5
일상,5
채널,5
자주,5
OUTFIT,5
고생,5
해당,5
헤라,5
역대,5
클라우드,5
PRM,5
되며,5
새로,5
에너지,5
때문,5
보내주시면,5
9시,5
내내,5
대상,5
많아서,5
있어서,5
6월,5
다크,5
되었는데요,5
07,5
swimmetroofficial,5
카페,5
사야,5
11,5
런닝,5
당첨,5
좋고,5
가죽,5
완벽한,5
니당,5
부담,5
저격,5
발목,5
시절,5
mconveni,5
이야기,5
저녁,5
실루엣,5
나이,5
졸린,5
있다면,5
있죠,5
디엠,5
평소,5
드리고,5
살이,5
자랑,5
계절,5
감사,5
스피리,5
예뻐,5
스펙,5
꺼내,5
전국,5
정가,5
참여,5
등장,5
움직임,5
완성,5
아이코닉,5
of,5
개인,5
가능하세요,5
다닐,5
뿜뿜,5
달리,5
나일론,5
다이어트,5
자세한,5
Shoes,5
전체,5
아이스,5
Zoom,5
작품,5
입문,5
이해,5
감도,5
우승,5
코드,5
재탄생,5
Outer,5
방문,5
예쁜데,5
화로,5
Vomero,5
잔디,5
되고,5
10시,5
대한,5
들고,5
되지,5
11만,5
덕분,5
정식,5
72,5
않아,5
오는,5
맞이,5
엘리트,5
깔끔한,5
알파,5
니시,5
상징,5
스토리,5
밑창,5
13일,5
개성,4
andmoreshoes,4
얼른,4
Grabber,4
꾸민,4
마케팅,4
각인,4
딱인,4
Top,4
djonzo,4
OOTD,4
작년,4
하실,4
플레이,4
하러,4
부드러운,4
구경,4
fashion,4
편안함,4
눈물,4
수트,4
모어,4
신세계,4
원피스,4
강남,4
Astro,4
바닥,4
피부,4
아침,4
ladyprettyspace,4
낮은,4
내년,4
허리,4
왔습니다,4
독특한,4
모자,4
kaaa,4
했으며,4
미니,4
되었으며,4
틴트,4
베이비,4
스니커,4
되었다,4
따르면,4
리본,4
애정,4
넘나,4
1970년,4
주요,4
공구,4
수모,4
신으면,4
SNS,4
옆구리,4
언스,4
포스트,4
데이,4
다리,4
갖고싶다,4
안해,4
멋쁨,4
챙길,4
honeytip,4
박스,4
상대,4
director,4
두고,4
그런,4
되었어요,4
나온,4
보임,4
코어,4
LD,4
다르,4
GTX,4
찾고,4
피드,4
가요,4
쇼츠,4
insightcokrfashion,4
시장,4
미디엄,4
키스,4
11시,4
123,4
그려,4
스톤,4
대중,4
지지,4
13만원,4
jacquemus,4
닷컴,4
공간,4
은근,4
들어,4
세계,4
순차,4
HOODIE,4
스피드,4
최저,4
답변,4
인스타그램,4
한글,4
기업,4
SNDR,4
예쁘게,4
있게,4
기반,4
최대,4
소장,4
10만,4
그럼에도,4
이하,4
파라다이스,4
장점,4
여행,4
보내,4
제안,4
유리,4
RUN,4
보시,4
손민수,4
4월,4
컨디션,4
강렬한,4
가능하니,4
경량,4
됐으며,4
해도,4
프리,4
동시,4
무한,4
로프트,4
광고,4
플라워,4
도시,4
자기야,4
sharetip,4
단백질,4
isindustry,4
즐거운,4
파트너,4
드디어,4
선착순,4
감각,4
했지만,4
체형,4
이어,4
유니,4
클랜,4
1월,4
블락,4
윈드,4
VINTAGE,4
Low,4
대회,4
놓치지,4
기억,4
카톡,4
23,4
리뷰,4
깡패,4
센스,4
엄브로,4
가입,4
솔로,4
일부,4
아크,4
저렴하게,4
커스터,4
시원한,4
마라톤,4
더리,4
기록,4
소화,4
잡화,4
to,4
15,4
배송,4
마세요,4
rifareco,4
제주도,4
구장,4
롯데,4
찾으면,4
2년,4
버전,4
shoeprize,4
볼캡,4
정석,4
색도,4
youtipinsta,4
verdy,4
unniesall,4
해보세요,4
같습니다,4
헤비,4
13만,4
시선,4
사카이,4
베이퍼,4
Adams,4
없다는,4
Emily,4
이쁜데,4
OG,4
Max,4
갑니다,4
탄소,4
흉통,4
뉴욕,4
남성,4
하프,4
입으면,4
하이,4
증정,4
SS,4
택배,4
타이,4
했을,4
맞아,4
무난,4
우수한,4
폴로,4
streetwearnowofficial,4
CFDA,4
마이,4
출시일,4
제대로,3
많아요,3
73,3
매니아,3
가이드,3
이를,3
피팅,3
만날,3
8만원,3
와이드,3
머큐리얼,3
어떨까,3
번호,3
인조,3
워커,3
갑피,3
오트밀,3
선보이는,3
8월,3
마이너스,3
피스,3
12만원,3
방지,3
있는데,3
베이지,3
넥스트,3
그런지,3
보는,3
촬영,3
14,3
해결,3
샘플,3
우드,3
파티,3
아닌,3
하시는,3
인해,3
200,3
맞는,3
미리,3
rabbitswimming,3
헤어,3
베이스,3
그림자,3
눈길,3
않는,3
모양,3
둘다,3
좋습니다,3
있었는데,3
수비수,3
뛰어넘는,3
6만원,3
박음질,3
주는,3
설립,3
당황,3
입는데,3
대부분,3
다양하고,3
보아,3
베베,3
25,3
조거,3
재킷,3
레업,3
가벼운,3
순간,3
올림픽,3
고무,3
ACG,3
할게요,3
인빈,3
세이,3
우스,3
빅토리,3
널스,3
adidas,3
입어보는데,3
최소,3
풋볼,3
109,3
토끼,3
Director,3
방수,3
새겨진,3
미화,3
고마워요,3
만든,3
해줘,3
득템,3
대표,3
21일,3
바클리,3
품목,3
경기,3
당연히,3
문구,3
그만,3
트레비스,3
루프,3
뽀인트,3
갖고싶어,3
예쁠,3
solll,3
리메이크,3
promalfashion,3
가면,3
특유,3
소비자,3
소량,3
영향,3
본인,3
한층,3
론칭,3
유니온,3
2019년,3
발레,3
PRIZE,3
아무,3
연속,3
디렉터,3
2023년,3
넘치는,3
윈터,3
에브리데이,3
보이,3
인상,3
현지,3
이건,3
봄맞이,3
가족,3
런던,3
185,3
50년,3
최대한,3
키링,3
같아서,3
단독,3
스포,3
맞추고,3
한정판,3
풀다운,3
만해,3
쇼크,3
슬림,3
만남,3
Running,3
1년,3
맞춤,3
인조잔디,3
미식,3
LA,3
나볼,3
따듯,3
전달,3
앞두고,3
기능,3
현장,3
충분히,3
흰색,3
컨셉,3
연락,3
있었던,3
듀브레,3
고집,3
사랑스러,3
악세사리,3
표지,3
뮤즈,3
없음,3
세상,3
섬유,3
hipkr,3
팬텀,3
발견,3
서핑,3
결승선,3
수행,3
없습니다,3
드리는,3
다가오는,3
하나같이,3
하자,3
7시,3
상당히,3
웹사이트,3
단발,3
참가,3
멋진,3
구간,3
찾는,3
아래,3
뜨거운,3
집중,3
알려진,3
품명,3
분위기,3
싶을,3
자세,3
제주,3
kxngsoon,3
들어가는,3
프로젝트,3
발산,3
길이,3
싶어서,3
발끈,3
도착,3
편함,3
km,3
있었다,3
안정감,3
커뮤니티,3
은은한,3
마트,3
만원,3
사서,3
ABC,3
강습,3
근본,3
패치,3
처방,3
한의사,3
크루,3
예뻐서,3
매우,3
면적,3
속도,3
조깅,3
무게,3
호카,3
아보,3
코페르,3
푸마,3
datecourse,3
소장품,3
레몬,3
2022년,3
로그,3
포짓,3
점수,3
느껴,3
Fly,3
기분,3
머리,3
강도,3
hagymrat,3
통통,3
바디,3
후반,3
기모,3
ㄷㄷ,3
취미,3
먼저,3
드릴,3
마리,3
hamuu,3
작은,3
안나,3
109000,3
에디터,3
만들어,3
계열,3
딱일듯,3
SB,3
돌아온,3
musinsaofficial,3
ㅋㅋ,3
매주,3
좋아서,3
아이디어,3
후기,3
들어가,3
kitman,3
단점,3
쥬얼,3
솜사탕,3
본문,3
월급,3
손나은,3
더블,3
있어,3
먹기,3
슬레,3
유명한,3
화려한,3
139000원,3
이며,3
예전,3
서비스,3
mimimarket,3
미정,3
않을,3
수도,3
나올,3
Pegasus,3
XL,3
민수,3
해야지,3
dailyall,3
KANG,3
HYAE,3
photographer,3
SHIN,3
EUNJI,3
좋아하시는,3
stylist,3
editor,3
차이,3
가성,3
KWON,3
MINJI,3
digital,3
항상,3
느껴지는,3
크롭,3
봤다,3
BLUE,3
set,3
AN,3
DONGSUN,3
interview,3
LEE,3
SOL,3
YUMI,3
makeup,3
75,3
금방,3
GABE,3
hair,3
CHOI,3
Roam,3
발도,3
다마스,3
두께,3
마침,3
앞서,3
방출,3
웨이,3
대란,3
감사합니다,3
상관없이,3
Vintage,3
어딘가,3
발달,3
예쁘다,3
상체,3
gamseongdomswim,3
추위,3
swimmingj,3
신문지,3
띄는,3
가능합니다,3
이미,3
올블랙,3
할까,3
뽑은,3
nikeswim,3
kreamcokr,3
보면,3
패널,3
너무나,3
아직도,3
10일,3
정품,3
얻은,3
프로,3
FAST,3
design,3
선호,3
연상,3
메기,3
구비,3
하시면,3
18일,3
페리,3
신제품,3
유튜브,3
Metallic,3
nikerunning,3
효과,3
사보,3
붙하는,3
데이브레이크,3
이슈,3
않음,3
SP,3
DAHYE,3
드림,3
보내줄,3
NewJeans,3
그리운,3
드리,3
스티,3
shoes,3
릭스,3
맞습니다,3
장거리,3
되어용,3
신경,3
에키덴,3
않고,3
아쉬운,3
nikewomen,3
힙하,3
필리핀,3
좋다,3
하늘,3
정사,3
타는,3
라면,3
28일,3
foryoutip,3
5월,3
이중,3
크림,3
상가,3
봤습니다,3
엄청난,3
에디,3
HAN,3
돌아갈,3
필요한,3
진심,3
kim,3
북유럽,3
겨울철,3
나이트,3
유럽,3
코르테즈,3
오브,3
샀어요,3
7월,3
닥터마틴,3
농구,3
프린트,3
하려면,3
잔뜩,3
보자마자,3
맨날,3
믹스,3
랍니,3
59000,3
귀찮으면,3
빨리,3
매치,3
얻어,3
찾기,3
34,3
귀여워,3
그것,3
사기,3
솔리드,3
포항,3
사이드,3
삼바,3
트러,3
스커트,3
71000,3
12,3
ypnam,3
창립,3
20만원,3
포톤,3
드된,3
메탈릭,3
난리,3
패턴,3
오프,3
보이는데요,3
고급스러,3
카탈로그,3
50000,3
민수픽,3
더스트,3
st,3
이외,3
Run,3
패드,3
공동,3
이뽀,2
Shox,2
이는,2
봅니다,2
가도,2
BERMENSCH,2
체험,2
단어,2
지난번,2
전우,2
빈스,2
있었는데요,2
높이,2
사고,2
카터,2
소비,2
코블,2
똑같은,2
만능,2
올스타,2
봐도,2
unnisecretnote,2
Inner,2
질러,2
록스,2
Bcaa,2
검색,2
신곡,2
요기,2
POWER,2
착한,2
하시길,2
한강,2
타겟,2
한다는,2
발볼,2
퍼포먼스,2
변화,2
두툼,2
찍어,2
감싸는,2
하반기,2
with,2
가로,2
자꾸,2
뛰다가,2
하다,2
Digital,2
Cover,2
해온,2
두운,2
언급,2
뛰어난,2
Light,2
입어야,2
35,2
좋지,2
윤희,2
제로,2
트레이너,2
탄력,2
97년,2
런가,2
였는데,2
소르틴바,2
먹으면서,2
뒀어용,2
선도,2
인생,2
ddmini,2
성비,2
필드,2
테니스화,2
1979년,2
9천원,2
발뒤꿈치,2
없다고,2
그거,2
목표,2
있었슈,2
워낙,2
Art,2
짜리,2
그녀,2
쉬운,2
KOREA,2
VOGUE,2
고급스러운,2
13,2
매쉬,2
신으니까,2
todayitem,2
고맙고,2
드라이,2
이른바,2
발렌시아,2
Producers,2
츄리닝,2
갑자기,2
가드,2
ye,2
144만,2
피스톤,2
어둠,2
7일,2
종아리,2
이상한,2
brands,2
멀한,2
듣고,2
종일,2
말라카이트,2
장목,2
인간,2
무척,2
무채색,2
다가올,2
에어백,2
soye,2
nnn,2
케이던스,2
사주세요,2
테이,2
넣는,2
부들부들,2
꿈치,2
무거워,2
unniespoint,2
했어여,2
입어보고,2
조만간,2
착착,2
horheadsales,2
footsell,2
무시,2
5천,2
어마,2
되었고,2
kkotbunbeauty,2
룩북,2
지방,2
TL,2
직원,2
이기는,2
ganni,2
Back,2
락스,2
바꿔,2
뽀짝하,2
버켄스탁,2
내고,2
뽐뿌,2
사죠,2
인천,2
이니,2
사두,2
응원,2
100000,2
버킷,2
1906,2
주로,2
프라그,2
먼트,2
베이,2
페이스,2
은은하게,2
버댓,2
팩트,2
디스,2
신은,2
넣어,2
새겨,2
돋보입니다,2
만점,2
전용,2
봐요,2
97,2
via,2
넣고,2
데드리프트,2
하니,2
올라온,2
있다고,2
MZ,2
초이,2
되었는데,2
탐난,2
않나요,2
135,2
장가,2
힘들고,2
플래티넘,2
얇은,2
뉴스,2
호불호,2
마무리,2
대충,2
갔다가,2
18만,2
캠핑,2
등산,2
기간,2
나름,2
걸쳐도,2
잡아주고,2
플러스,2
스모크,2
감상,2
기리,2
17일,2
bottom,2
12일,2
41,2
됐습니다,2
부드럽고,2
atmostokyo,2
모스,2
70000,2
top,2
김나영,2
그룹,2
벨트,2
참아,2
아닐까,2
1972년,2
로드,2
SailLight,2
BoneGame,2
슈가,2
RoyalSport,2
2003년,2
떠오르게,2
형광,2
그렇게,2
노력,2
좋다구,2
Fuchsia,2
뮌헨,2
보자고요,2
가져온,2
nylon,2
lo,2
goodtippig,2
지난해,2
다양해서,2
만난,2
시어,2
냈습니다,2
이두,2
stussy,2
1977년,2
설계,2
선보입니다,2
이전,2
가치,2
플랩,2
지난주,2
동글동글,2
많다,2
스윔,2
트래블,2
온라인,2
없었다,2
허라,2
withyoomina,2
접목,2
입었는데,2
abcmartkr,2
howmuchofficial,2
되는데,2
질감,2
있겠지,2
ㅎㅎㅎㅎ,2
19일,2
걷기,2
입금,2
포기,2
티브,2
잖아,2
부수,2
스페이스,2
BODE,2
집업,2
통풍,2
셀러,2
마틴,2
30분,2
잿빛,2
나를,2
매칭,2
코치,2
LOGO,2
비싸고,2
nicekicks,2
라피,2
특성,2
포켓,2
타입,2
오렌지,2
깨닫고,2
가기,2
경찰,2
대신,2
접지,2
된다,2
아노락,2
브레이커,2
넣어주셔서,2
무신,2
trendspacekr,2
젤리,2
드랍숄더,2
달렸구나,2
대체,2
순식간,2
라벨,2
보여줍니다,2
기사,2
담당자,2
News,2
잡고,2
지역,2
22일,2
힘든,2
nikesportswear,2
성용,2
해놓고,2
내꺼,2
하고자,2
artjin,2
1214,2
노출,2
있네요,2
새해,2
not,2
즐기는,2
최신,2
확정,2
호흡,2
먹어서,2
자크뮈스,2
BEST,2
원단,2
퍼플,2
163,2
51,2
부상,2
강력,2
재고,2
하는지,2
조각,2
데일리슈즈,2
별명,2
굉장히,2
종종,2
불구,2
유닛,2
천연,2
대형,2
헤리티지,2
해줄게,2
입으실,2
축구장,2
copy,2
물밖,2
스타트,2
와이,2
꼼데가르송,2
힘들게,2
withlosangeles,2
실내,2
마이너,2
요소,2
JEJU,2
달았어요,2
부위,2
보신,2
있고,2
지정,2
슈퍼,2
josephkream,2
포토,2
Classic,2
단순한,2
shoeslook,2
juijin,2
onetrunning,2
onetraining,2
해주시는,2
극장,2
전통,2
열리는,2
수업,2
갖춘,2
8천,2
Nigo,2
하셨습니다,2
에나멜,2
2425시,2
행복한,2
올가을,2
백화점,2
패럴,2
밀크,2
시크,2
복숭아,2
세대,2
건강,2
그렇고,2
299000원,2
부스터,2
보이는데,2
얼굴,2
대에서,2
brillopersona,2
해주는,2
옵스,2
demisodam,2
bode,2
사진첩,2
아낌없이,2
많았고,2
훈련,2
깔끔하고,2
세련된,2
hddcity,2
국가,2
포그,2
측면,2
중국,2
팝업,2
탁월한,2
꾸로,2
suroflaneur,2
여러가지,2
대로,2
태양,2
승부,2
였어요,2
원하는,2
방법,2
퇴근,2
입자,2
직전,2
제시,2
되죠,2
기부,2
어우러진,2
하다가,2
쉽지,2
바다,2
명의,2
이뻐요,2
약탈,2
받고,2
호다닥,2
FEED,2
YOUR,2
출발,2
인원,2
swimhyunlee,2
체크,2
리플렉,2
업그레이드,2
들었습니다,2
페이지,2
층위,2
추억,2
밀라노,2
영롱,2
장식,2
보스,2
지은,2
빠짐,2
oceanneoul,2
소중한,2
질주,2
돼요,2
토피아,2
지급,2
벌레,2
hamburger,2
신드롬,2
등짝,2
1999년,2
입맛,2
강력한,2
PB,2
oneblockdown,2
다저스,2
반환,2
차지,2
선더,2
로스앤젤레스,2
비슷한,2
수많은,2
액센트,2
컬러풀,2
샹그리,2
1130,2
101,2
풀타임,2
라이프,2
제이,2
정리,2
carterwangchina,2
보게,2
에는,2
초코,2
에샤페,2
휠라,2
어보,2
하단,2
코스,2
손해,2
고개,2
저렴한,2
상세,2
룰루,2
용도,2
않았지만,2
출고,2
핏감,2
150달러,2
밍크,2
품질,2
최고다,2
장이,2
토프,2
2160,2
GT,2
개월,2
플랙스,2
올린,2
묶어,2
교환,2
소담,2
후회,2
원하던,2
xss,2
여자,2
ming,2
봤었는데,2
순위,2
169000,2
씁니다,2
어렵게,2
43,2
예뻐요,2
버건디,2
써밋,2
착샷,2
11만원,2
cheongchunbaeggwa,2
다니기,2
Jeans,2
하는데,2
82,2
실버슈즈,2
110,2
적극,2
고물,2
같죠,2
해볼,2
분명,2
이만,2
우연히,2
본다면,2
리액트,2
스트라이프,2
하시기,2
없어서,2
lmminseob,2
추진,2
HQ,2
일환,2
도움,2
goodtipschool,2
싶당,2
인지,2
가능하답니다,2
주시,2
컴퍼니,2
제격,2
드리겠습니다,2
1만원,2
게시,2
클로,2
붉은,2
끝나면,2
mm,2
dalbbu,2
Joopiter,2
satgotloco,2
있답니다,2
모말,2
점점,2
추락,2
찾던,2
callmegray,2
하던,2
Plus,2
이었는데,2
마르디,2
예쁘당,2
좋았어요,2
같음,2
yp,2
수집,2
101216,2
바이,2
그동안,2
보여요,2
400,2
뷰티,2
11일,2
괜찮지,2
반면,2
have,2
테스트,2
supremenewyork,2
미술,2
좋았다,2
ㅋㅋㅋㅋㅋㅋ,2
배출,2
다르게,2
번역,2
silverrain,2
벗기에,2
리하,2
데일,2
Killshot,2
스튜디오,2
dailyseoul,2
보다,2
이벤트,2
옥션,2
번만,2
되었으니,2
사계절,2
반한,2
절대,2
성지,2
리듬,2
사조,2
니케,2
않으면서,2
튀지,2
보러,2
225280,2
조끼,2
조기,2
수량,2
스트랩,2
상큼,2
hanwul,2
과거,2
왔으면,2
셰프,2
FZ,2
치수,2
대비,2
모여라,2
kangddolswim,2
재팬,2
우디,2
냈어요,2
전작,2
골드,2
특가,2
타지,2
보내세요,2
게스트,2
되었답니다,2
119000,2
싶었는데,2
입게,2
착안,2
아시아,2
수영장,2
이지,2
미끄럼,2
모바일,2
즐기기,2
2006년,2
발의,2
시도,2
상품권,2
직물,2
선사,2
메로,2
재현,2
참석,2
단일,2
nowletsswim,2
비즈,2
사은,2
TIP,2
뒤쪽,2
지디,2
은우,2
귀여운거,2
반응,2
스케이트,2
옷장,2
실패,2
박서준,2
여유,2
고르기,2
side,2
sojustashop,2
오일장,2
보통,2
경이,2
전망,2
이크,2
길어,2
미식축구,2
선선,2
다짐,2
레슨,2
파랑,2
남아,2
조카,2
hypebeastkr,2
본격,2
보르,2
역사,2
샀는데,2
보온,2
발송,2
16354143,2
혜택,2
deepdeepenter,2
입어요,2
털어,2
영롱한,2
138,2
중구,2
형제,2
일도,2
되게,2
패딩조끼,2
슨배님들,2
뛰고,2
스플릿,2
싶다면,2
FAM,2
민경,2
Shoe,2
soonsoovintage,2
price,2
thesecretshoe,2
52,2
불어,2
Mention,2
Secret,2
인터,2
로만,2
다음주,2
봤는데,2
패스트백,2
정확한,2
ZoomX,2
insighttrend,2
수령,2
여리,2
여리한,2
당일,2
주고,2
의미,2
맞나,2
연말,2
루시,2
몰라도,2
했더니,2
빠른,2
타슈,2
궁금한거,2
연결,2
GD,2
마라,2
반짝임,2
스우쉬,2
apollolabsofficial,2
오리건,2
이라,2
바우어,2
창업,2
1974년,2
학기,2
추장,2
파격,2
주춤,2
오차,2
묻어난,2
Collection,2
볼게요,2
나와,2
더해져,2
대학,2
들기,2
축구팀,2
21만,2
아담,2
에밀리,2
Aujla,2
22만원,2
31만원,2
풀집,2
160달러,2
공급,2
palaceskateboards,2
간지,2
인친,2
이루어지지,2
반해서,2
되었지만,2
개발,2
레고,2
Mountain,2
모았던,2
채도,2
했어,2
범용,2
성능,2
널리,2
드는,2
예쁘죠,2
돋보이는,2
흔한,2
알았던,2
용인,2
만족,2
5일,2
소셜,2
초록,2
34만원,2
런칭,2
스트렝스,2
기구,2
생각나는,2
입다,2
임박,2
신어주세요,2
근력,2
팔로,2
폭팔,2
더해,2
ladylifeinfo,2
하고싶,2
3월,2
미즈노,2
편이,2
업체,2
줄라,2
조지아주,2
아틀란타,2
출생,2
냅킨,2
팩션,2
2025,2
카피,2
정신,2
outer,2
되었어용,2
아카이브,2
fromminny,2
선보임,2
Estate,2
Crane,2
에스테,2
크레인,2
성복,2
멀티,2
리셀,2
아니냐,2
런린,2
만나서,2
Future,2
가볍게,2
로너,2
나무,2
친근하고,2
산뜻한,2
on,2
kith,2
가니,2
토크,2
sonyunko,2
postarchivefaction,2
잡은,2
물이,2
트릭,2
스펙트럼,2
2016년,2
리드,2
예술,2
포브스,2
인정,2
따온,2
피아,2
갖기,2
올림,2
지에,2
coperni,2
업은,2
골동품,2
크리에이티브,2
이자,2
인물,2
힘들어서,2
20212022년,2
칼라,2
데뷔,2
패션위크,2
넣을,2
불꽃,2
궁댕,2
펠트,2
있지만,2
LVMH,2
WOOLMARK,2
카야,2
솔직히,2
신진,2
토르,2
FINALIST,2
블리,2
스우시,2
딸기,2
맞으면,2
쟁이세,2
선별,2
운영,2
왠지,2
주인,2
넘어갈,2
한쪽,2
곰돌이,2
우유,2
아바,2
있다구,2
Leather,2
바브,2
주변,2
골프,2
덕후,2
로망,2
있으니,2
일듯,2
배색,2
없어,2
생긴,2
가공,2
냅다,2
않아서,2
stylelistoday,2
엄마,2
생생한,2
착용샷,2
시원하고,2
JF,2
가능해요,2
탕진,2
150,2
영어,2
하는데요,2
ㅎㅎㅎ,2
하지,2
야하는,2
즐겨,2
주기,2
쫀쫀,2
탐나는데,2
버린,2
미쳐,2
했죠,2
츠카,2
완충,2
오니,2
전쟁,2
많지,2
팔라스,2
접착,2
jennierubyjane,2
된다면,2
잭팟,2
고어텍스,2
스티치,2
아쉬움,2
에이,2
Sneakers,2
theflex,2
얀즈꺼,1
되세요,1
밤중,1
종료,1
봐주셨는디,1
가서,1
차이나,1
양털,1
다가,1
같아용,1
신게,1
불호,1
친절히,1
튀는,1
사세,1
가버릴,1
소리,1
하양,1
아프다고,1
되었다가,1
On,1
힘내쟈,1
누웠더니,1
ㄷㄷㄷ,1
떠올리면,1
김사랑,1
yuri,1
나서,1
바게트,1
빨강이,1
입어봤는데,1
가염,1
댔오,1
소코,1
땡땡해야,1
섞어,1
힘들만큼,1
해주신다니까,1
온갖,1
서도,1
던데,1
fmag,1
뉴진,1
94,1
땡땡해서,1
써클,1
과일,1
ㅋㅋㅋㅋㅋㅋㅋㅋ,1
증말,1
진출,1
찍었는,1
턱밑,1
생겨서,1
불타,1
치즈,1
씩씩한,1
많으셨어요,1
살거,1
꺼내신은,1
기회,1
알아보지도,1
오름,1
참겠,1
하아,1
버터,1
차가,1
무사히,1
따릉,1
오븐,1
32,1
듣네,1
선전,1
ranjung,1
230290,1
샀었는데,1
개팀,1
달이,1
학번,1
위로,1
맞출,1
않쿠,1
지도,1
본선,1
소나타,1
온도,1
진급,1
검정,1
지우면,1
많아진,1
78,1
pabrostudio,1
놓은,1
보인다는,1
좋으실거,1
호호,1
122일,1
사오면,1
하네여,1
짭짤한,1
같고,1
잡아,1
생겼습니다,1
병원,1
몇번,1
산이,1
세션,1
새로웠다,1
깜장,1
가능하면서,1
팽그르르,1
처럼,1
포뇨,1
한해,1
잡자구요,1
산책,1
요양,1
양쪽,1
수요일,1
후그,1
좋습니댜,1
영롱함이,1
스시,1
예쁘구,1
아랫쪽,1
100원,1
입는거라니까,1
마취,1
아쉬우니까,1
수술,1
부끄럽긴,1
가다가,1
깨어나서,1
단단한,1
김은정,1
snkrdunkmagazjne,1
시원하게,1
24년,1
땡땡하게,1
vistavieuny,1
아이보리,1
하고요,1
관부,1
맛보기,1
레이싱,1
sseunghyunik,1
유광,1
이어지는,1
무광,1
민트,1
하네요,1
바뀌고,1
모르게,1
떠오르는데요,1
안보,1
귀엽다요,1
포장,1
했었던,1
저번,1
생들의,1
보라,1
어쨋,1
응급,1
열린,1
였지만,1
모름,1
궁금했던,1
몽글몽글,1
레트,1
아이스바,1
oxrunners,1
가져가서,1
발안,1
hbadgerooo,1
변경,1
돌리면,1
라는데,1
사탕,1
나오구,1
같기도,1
분홍색,1
파리,1
입어야겠어용,1
dispatchstyle,1
hiphopercom,1
소란,1
긔래,1
페이,1
박혔을,1
안되는,1
프레,1
fleece,1
지닌,1
본질,1
존중,1
MnetYT,1
wikitree,1
희소성,1
높음에도,1
쓰이는데,1
떨어진,1
불편함,1
풀렸습니다,1
MA,1
신기하게,1
Swoosh,1
ThermaFit,1
Bomber,1
Asia,1
높음,1
전혀,1
92000,1
불편,1
올라가고,1
디쟌,1
가져옴,1
어땡,1
입어서,1
클리,1
pharrell,1
졸린과는,1
다름,1
321,1
성사,1
이루어지는,1
찍은거,1
느꼈는데,1
프리즈,1
기념품,1
초청,1
8시,1
관람,1
6시,1
영종,1
안남로,1
번길,1
잡아줘서,1
186,1
pcitykorea,1
입고있을,1
joopiterofficial,1
훤함,1
없을거,1
늘어날,1
나갈,1
썰려,1
초사,1
입었다가,1
꼬인,1
girls,1
wide,1
훤하,1
pants,1
niketokyo,1
nikecom,1
줍니다,1
있도록,1
경신,1
발휘,1
맘껏,1
기량,1
2002년,1
라이벌,1
FK,1
라이,1
고경표,1
즐거움,1
삭스,1
둘렀다고,1
kopular,1
잘생긴,1
데패뉴,1
특파원,1
핫템,1
조짐,1
블리스,1
육상,1
차세대,1
열정,1
나서는,1
crazyinswimming,1
어서,1
입은거,1
새삼,1
키즈,1
낮다는,1
낮지,1
가능하고,1
5만원,1
AlphaFly,1
Medium,1
Ash,1
쓰일만큼,1
Olive,1
Aura,1
도쿄,1
하는구나,1
SHC,1
해보자마자,1
데려오게,1
꼬셔,1
라며,1
뉴런,1
285달러,1
도가,1
있다가,1
낳은,1
기다리고,1
패셔,1
알림,1
GDRAGON,1
뚫려있음,1
풀렸다는,1
ADIDAS,1
두발,1
TENIS,1
IMPORTADOS,1
runplayscol,1
전설,1
상관없지만,1
그렇듯,1
재밌습니다,1
위대한,1
영광,1
탔더라구요,1
람보르기니,1
접어,1
알았는데,1
알아야,1
할테니,1
knickerbockerkr,1
파는,1
KREAMkreamcokr,1
거래,1
KREAM,1
815,1
장바구니,1
탈탈,1
552,1
위시,1
잡았다,1
cosasdecorredores,1
Luis,1
두터워진,1
Invincible,1
1114,1
유저,1
SML,1
203060만원,1
14일,1
터지니까,1
팡팡,1
품도,1
236만원,1
111517,1
품은,1
제외,1
용품,1
뻗고,1
애호가,1
불리는,1
상용,1
규모,1
170,1
않다는,1
받았습니다,1
차이점,1
대박,1
hotpohang,1
없으나,1
비해,1
보러오세요,1
originalskr,1
Archive,1
베켄바우어,1
오르카,1
평이,1
야박하다는,1
천이,1
천폭,1
참스들,1
그려져있는,1
붙어있,1
다닥다닥,1
윗쪽,1
스마일,1
귀어,1
고의,1
출품,1
키로,1
깨알,1
편할거,1
선공,1
선보일,1
계획,1
귀하다,1
NOTHING,1
주절주절,1
줄어주고,1
저항,1
BUT,1
THANG,1
헤드,1
많았는데,1
버드,1
쳐다,1
떠오르는,1
원더,1
인도,1
퓨전,1
멈춰,1
들여다봐야,1
맨체스터,1
유나이티드,1
도안,1
129000,1
139000,1
175000,1
애션,1
되려,1
슬레이트,1
바이올렛,1
알거,1
고수,1
Asics,1
asicskr,1
같았다아,1
Arcteryx,1
입을수있을거,1
arcteryxkorea,1
셩복,1
커스,1
계주,1
이쁨,1
대루,1
라이프스타일,1
Milk,1
Coconut,1
Wow,1
Cacao,1
107,1
합리,1
출동,1
샷찍쟈,1
자갸,1
당국,1
체포,1
뽀글뽀글,1
시민,1
해산,1
시키며,1
소동,1
inssaelf,1
일단락,1
nbcnews,1
abcnews,1
supremeleaksnews,1
Key,1
진해진,1
Network,1
해주,1
만들어진,1
드로우,1
갔는데요,1
131000,1
eliner,1
노출한,1
이겼지만,1
졌다,1
AM,1
도심,1
리즘,1
월드시리즈,1
축하,1
인파,1
퓨처,1
90년,1
몰리,1
혼란,1
소수,1
훔쳐,1
의도,1
곧이어,1
퍼지자,1
대규모,1
졌고,1
가량,1
이어졌습니다,1
건물,1
DP,1
크에,1
해드려요,1
해왔다구,1
HYPE,1
편해야해,1
가까워,1
예쁘기까지,1
2018년,1
출처,1
instagram,1
채워질,1
다룹니다,1
annashopus,1
좋은데,1
런닝화,1
쌓여있습니다,1
나온거라,1
대행,1
적어주시면,1
드릴게요,1
베일,1
사면,1
Get,1
가능하다구,1
미친,1
끄덕,1
오프라인,1
물어보,1
시드라,1
구유,1
보루,1
댕겨,1
해오,1
흐규규,1
터보,1
해보았습니다,1
떠올리게,1
먹고살고,1
지어,1
네티즌,1
실황,1
인데요,1
sneakernews,1
Sneaker,1
있으신,1
지나며,1
차단,1
대량,1
뽑아내며,1
하나로,1
두꺼운,1
컨텐츠,1
이어진,1
내용,1
였는데요,1
Turbo,1
문제점,1
돌아갈듯,1
돌리신,1
많으실거란,1
드는데요,1
않을까,1
없나,1
찾아보다가,1
않았습니다,1
가운데,1
서두르자,1
소방청,1
우아하지,1
나오는게,1
평화,1
좋게,1
ld,1
봤어요,1
안경,1
예쁘길래,1
cloopofficial,1
거울,1
음료,1
호캉스,1
꼭꼭,1
챙기는,1
해드릴께,1
뛰실,1
1020,1
거울셀카,1
나갑니다,1
여의도,1
부담스러웠다면,1
공원,1
열리구요,1
소울,1
신지,1
한우,1
있으,1
있어도,1
teacheryoon,1
나가고,1
필요없이,1
다니면서,1
난다는,1
튼튼하고,1
레페,1
weating,1
7637,1
베이비블루,1
바깥,1
안쪽,1
jjeon,1
가시,1
커플슈즈,1
줄일,1
meeeebum,1
늘리거나,1
날씬해,1
sacai,1
VaporWaffle,1
보일까봐,1
부해,1
품번,1
CV,1
1363100,1
sbd,1
풋셀,1
footsellcom,1
겠네용,1
주최,1
지속,1
CRP,1
1696,1
yunsukdiary,1
쉉복,1
이뿌듀,1
역띠,1
맞춤이디,1
선영,1
자유,1
하기로,1
닦고,1
눈꼽,1
나가는,1
오늘듀,1
되세오,1
053,1
mag,1
특별하게,1
만듭니,1
넘어서,1
스텝,1
서든,1
사로잡을,1
겉모습,1
아닙니다,1
거뜬하게,1
스타일리시,1
도로,1
torysooni,1
500원,1
미터,1
이쁘답니다,1
기대되,1
가시는,1
있을까,1
haku,1
본적,1
온몸,1
젖산,1
가듁해,1
ummseea,1
같으네,1
영롱하다,1
sunnggggg,1
귀엽다고,1
발끝,1
칭찬,1
받았어요,1
편했어요,1
져지,1
해보았는데요,1
abc,1
지하철,1
먹으려고,1
해보시고,1
홍차,1
kimgre,1
supportjo,1
pilates,1
Brian,1
보내시구요,1
견디는데,1
입는다는건,1
입어용,1
빼고는,1
참아야겠죠,1
하셨어여,1
일다,1
300,1
201,1
007,1
3863006,1
없도록,1
상황,1
얻고,1
뜨네,1
커서,1
불편함을,1
입은건,1
겟또,1
입은줄,1
않았어요,1
높은듯,1
적당한,1
선컷,1
접었을,1
뿜뿜합니당,1
검은색,1
키드,1
againtoday,1
밀었,1
빡세,1
판끼,1
레그프레스,1
쉽니당,1
바쁜,1
옆면,1
들렸다가,1
식지,1
그리니,1
뽑았네요,1
들어옵니다,1
입으니,1
잡러,1
무잡,1
있더라구요,1
넉넉하고,1
좋아집니다,1
환해지는,1
쨍하,1
입었을,1
청량상큼,1
고리,1
미들넥,1
swimmingsonii,1
사랑스러운,1
169,1
172,1
149,1
ny,1
ww,1
알아봐,1
빛남을,1
않을게,1
본채,1
돌아도,1
날카로운,1
일렁임,1
시시각각,1
아름다운,1
투명한,1
닮아,1
밉다는,1
ainyoga,1
왜케,1
힘들죠,1
흉통쪽,1
멕시코,1
ACS,1
투표,1
빛나는,1
이맘,1
더울까,1
밀려오며,1
춘곤,1
사랑받는다지만,1
ver,1
202405,1
모친,1
stylemoabom,1
jihyefit,1
든든합니다,1
국밥,1
타이거,1
66,1
쪼였어요,1
pinterest,1
어울리죠,1
졌답니다,1
고급스러워,1
풀집업,1
세부,1
관련,1
유사한,1
일까,1
차례,1
불러,1
되었다는,1
유출,1
올리며,1
수집가,1
바이럴,1
좋네요,1
런중딩,1
신었었는데,1
무리,1
이엄,1
리굿스,1
ss,1
센티,1
싱잉레,1
에리,1
걸쳐,1
2426,1
크지,1
그리,1
역할,1
등쪽,1
쪼임,1
아니였어요,1
싶었음,1
위드,1
일드,1
진쨔,1
찾게,1
벌도,1
느껴졌습니다,1
좋다고,1
반발력,1
느린,1
부담스러운,1
화의,1
예쁨,1
화이자,1
정민,1
einskitsch,1
덜했어요,1
쪼임이,1
미다,1
그렇다구,1
싶기도,1
소주,1
체스,1
dirtylaces,1
유명,1
tongue,1
애글릿,1
AF,1
모은,1
티저,1
월요일,1
찌렁,1
볼수이,1
서막,1
1115,1
갈래,1
만족할,1
금밤,1
병행수입,1
좋죠,1
이프,1
105,1
스톤아일랜드,1
리바이스,1
입생로랑,1
하트,1
넓은만큼,1
고매,1
인데도,1
15000원,1
애기,1
지의류,1
가시대,1
모르면,1
살면서,1
전주,1
jeonjuwwtg,1
볼란다,1
촤르르,1
업구,1
사룽해,1
쿠팡,1
포스팅,1
맞추는거,1
찰떵콩떡이얌,1
예쁜듯,1
busanunnie,1
353000,1
PLUS,1
HOMME,1
GARONS,1
DES,1
COMME,1
commedesgarcons,1
Shanghai,1
heading,1
활동,1
따른,1
정액,1
보다가,1
사장,1
깔구,1
준다고,1
깔아,1
오면,1
입고되,1
간만,1
수수료,1
안가쟈,1
없으면,1
났던,1
차때,1
쏴리,1
받습니다,1
CP,1
꼼데가르송아페,1
국물,1
아모,1
아닌가요,1
왔지요,1
한눈,1
바잉,1
올여름,1
국룰,1
LOVE,1
들러주세요,1
떠올리며,1
콘텐츠,1
보인다면,1
걷다,1
용이했어요,1
없고,1
닳도록,1
파우더,1
220,1
국가대표,1
290,1
뜨끈한,1
아름다워,1
야경,1
아쉽,1
떨어지니,1
일찍,1
합정집,1
박질,1
퇴근길,1
실장,1
헤메,1
세번,1
loveloveywsj,1
사러가면,1
akdlxmsjfba,1
마르고,1
충분해요,1
나타내기엔,1
넣어도,1
뇌리,1
mjbypp,1
12002100,1
전주객사,1
완산구,1
전주시,1
전북,1
주점,1
dm,1
ㄱㄱ,1
가보세요,1
좋아하시면,1
많았어요,1
이쁜게,1
유니폼,1
선명하게,1
박혀있는,1
위대함을,1
붙박,1
이처럼,1
해보았어요,1
워머,1
레그,1
크런치,1
커다란,1
핵심,1
믿어인데요,1
RUNway,1
future,1
Women,1
주체,1
건강하고,1
언제나,1
히든,1
유명하고,1
러블리,1
보실,1
탁월하답니다,1
따뜻하게,1
버젼,1
슬리브,1
되었었던,1
완료,1
특보,1
한파,1
엘리,1
성과,1
시스템,1
메시,1
짜임,1
탑재,1
FlyPlate,1
무지,1
루즈,1
같아,1
티캐,1
Relax,1
YALE,1
450000,1
Bianchetto,1
Tabi,1
MARGIELA,1
MAISON,1
REEBOK,1
79000,1
Outerwear,1
MUCH,1
HOW,1
19,1
EP,1
HOWMUCH,1
가벼워졌는데요,1
myeonghoiiii,1
엄선,1
슈퍼플라이,1
이재성,1
배준호,1
가벼워진,1
16,1
황희,1
동일하지만,1
설영,1
엄지성,1
이강인,1
손흥민,1
피로,1
TOUCH,1
FIBER,1
319000원,1
대한민국,1
현석,1
339000원,1
김민재,1
잡아주는,1
컨트롤,1
최상,1
텍스처,1
듀얼,1
289000원,1
메이트,1
얼티,1
퓨마,1
황인,1
인솔,1
뒤틀림,1
305100원,1
IV,1
모렐리아,1
정우영,1
Fit,1
Blouson,1
Ivory,1
이뿌네,1
mantory,1
coogie,1
minnju,1
의외,1
업로드,1
은비,1
zyozyo,1
로꼬,1
2013,1
bnsj,1
eunwooc,1
열렸습니다,1
소환,1
칭구,1
토끼띠,1
estherpark,1
입어야하는데,1
VIVIENNE,1
대료,1
국민,1
95,1
Size,1
469,1
Color,1
Price,1
6285,1
CJ,1
PLUSH,1
FLC,1
abcmartkrgrandstage,1
올뤠,1
올라가는데,1
입어봄,1
캘빈,1
계묘년,1
2023,1
comments,1
your,1
30000,1
DANCE,1
TENSE,1
149000,1
TEKET,1
62000,1
AVIREX,1
150000,1
Gum,1
Pink,1
Picle,1
45000,1
HOWELL,1
MARGARET,1
WESTWOOD,1
CROCS,1
BEAMS,1
AllTerrain,1
How,1
based,1
you,1
find,1
coming,1
is,1
Much,1
찾으러,1
Parka,1
머치,1
하우,1
달아주신,1
280000,1
Gray,1
Clog,1
sportsnutmag,1
개멋,1
kij,1
하시죠,1
실타,1
상상,1
재미없었을지,1
없었으면,1
넘흐옙흐,1
찍었는데,1
미녀,1
다시수,1
버티죠,1
그리우면,1
끝났는데,1
있길래,1
예뻤던,1
들여보다,1
여름날,1
hhhyunnn,1
에이블리,1
알리샤,1
하셔요,1
굴업도,1
선자령,1
해봤니,1
분배,1
작성자,1
수익,1
발생,1
기재,1
발급,1
1231,1
괜찮아요,1
해주셔도,1
입력,1
히흐,1
등록,1
편리해요,1
벗기,1
풀탭,1
화사한,1
리얼,1
TNPO,1
Architecture,1
220255,1
둘려,1
들었,1
신었을,1
귀욤,1
앞코,1
특이하구,1
뿐데유,1
offwhite,1
louisvuitton,1
끼리,1
가져왔으니,1
상단,1
사의,1
티엠포,1
매트,1
스러운,1
청키,1
새턴,1
조심하세요,1
감기,1
온다니,1
33410,1
반구,1
하이브리드,1
AIR,1
TUNED,1
튠드,1
세밀화,1
조물,1
불리우는,1
파노,1
하자구여,1
실현,1
taeebal,1
이뿌잖아,1
inch,1
22,1
hye,1
얇아,1
되서,1
압박,1
올라와요,1
중간,1
419,1
clint,1
다예,1
하므,1
나온다며,1
남자,1
앙다문,1
Alicia,1
버릇,1
안전,1
챙기면서,1
빡시게,1
안좋,1
어쩐지,1
떨어졌다는,1
박동수,1
심장,1
건강검진,1
주셔가지구,1
오게,1
자극,1
삼각근,1
2시간,1
봐여,1
찍어야,1
배줌,1
05,1
그래퍼라며,1
민둥산,1
땡볕,1
했고,1
멀어서,1
4시,1
새벽,1
라오,1
가보아,1
캠퍼,1
일몰,1
일출,1
트여,1
사방,1
Park,1
Panoramic,1
오르려니,1
덥다,1
뜨거워,1
내려왔다,1
본업,1
해야하는데,1
동행,1
관광객,1
치안,1
건가,1
웃으면서,1
죽는,1
붕어,1
둘러보니,1
앉아,1
데크,1
정상,1
올랐지만,1
Airport,1
Gimpo,1
at,1
고용,1
했음,1
그대,1
해하고,1
사야해,1
정말루,1
꺼야,1
건강해질,1
일주일,1
해봐,1
찝찝하면,1
놓치지말구,1
한두,1
안좋은고,1
방치,1
줄어,1
하더라,1
맞죠,1
월욜,1
맞는듯,1
drawing,1
cityboy,1
cityboydrawing,1
naked,1
194유로,1
NAKED,1
찾아보실,1
fragmentdesignofficial,1
corteiz,1
crtzxyz,1
금요일,1
차로,1
luckydrawkr,1
데코,1
싶어진다,1
부인과,1
담주,1
Outfit,1
보조,1
내는,1
시중,1
회원,1
협회,1
뜨거운데,1
상담,1
비대,1
2월,1
이쁘겠지,1
버려,1
이뻐,1
기전,1
오르,1
신는고야,1
텍스쳐,1
틀리거든,1
식욕,1
환도,1
늘어날대로,1
디톡스,1
생기,1
변비,1
식사량,1
묵어,1
챙겨,1
물어보고,1
모조리,1
빼고싶은,1
강력하게,1
해주께,1
불편함은,1
해야하고,1
먹어,1
늘어나서,1
301,1
body,1
174,1
종결,1
퍼지,1
브라우니,1
kcal,1
뛰어요,1
없잖아요,1
건강한,1
공기,1
다가온,1
성큼,1
챙겨주시기,1
간식,1
성분,1
어려우신,1
채워,1
끼니,1
이틀,1
급격하게,1
64,1
추워지는게,1
자동,1
라그,1
있구여,1
두툼해,1
필링,1
해드릴께요,1
되더라구요,1
닫게,1
얼릉,1
추워서,1
창문,1
살았는데,1
쩔어,1
타서,1
더위,1
아시,1
오는거,1
손실,1
챙기면,1
작게라도,1
올랐어요,1
160,1
힘들었던,1
맞추기,1
줄었고,1
5분,1
6분,1
런린이,1
acc,1
핸틀,1
킬라,1
해주신,1
깔끔하게,1
jellykilla,1
성장하는,1
동기부여,1
꾸준함이,1
집오면,1
하구,1
섭취,1
쪼꼬바,1
든든해요,1
탄산수,1
일쑤,1
져서,1
는걸,1
허기,1
예쁜거,1
ㅋㅋㅋㅋㅋ,1
들어가기,1
갔거든요,1
건지,1
어울리고,1
이쁜건,1
싶는데,1
solebyjc,1
SACAI,1
time,1
layers,1
in,1
together,1
drawn,1
they,1
retrotopia,1
met,1
from,1
reborn,1
sneakers,1
culture,1
retro,1
current,1
VAPORWAFFLE,1
tipmoa,1
해야죠,1
jjuncha,1
httpsmartstorenavercomtennisracket,1
스마트,1
blognavercomtennisbest,1
시타,1
블레이드,1
httptennisracketcokr,1
국제,1
01035498549,1
해주시면,1
필요,1
라켓,1
OPEN,1
US,1
kukjetennis,1
해보겠습니다,1
understands,1
best,1
that,1
era,1
대부터,1
또카,1
커플룩,1
휙휙,1
부금,1
넥라인,1
이롭습니다,1
정신건강,1
하시는게,1
싶으시면,1
특이한,1
요런,1
되어요,1
뽀인뚜,1
실크,1
패쪼,1
콜렉터,1
있는게,1
nwjeansdanielle,1
syndrome,1
tomorrows,1
today,1
Yesterday,1
INSTAGRAM,1
241104,1
찬찬히,1
쪼입니다,1
하셔서,1
추워지면,1
녀석,1
넉넉한,1
메인,1
Update,1
될거,1
롱폼,1
거래처,1
Dn,1
베를린,1
자벨,1
26일,1
명명,1
뒤꿈치,1
튜브,1
성공한,1
몰이,1
CORTEIZ,1
몸무게,1
162,1
브랜든,1
나와주세요,1
해주었지요,1
나온다는,1
시켰습니다,1
다이내믹,1
올렸어요,1
랜드,1
doublejoo,1
띄게,1
먹으면,1
발전,1
않게,1
보이지,1
입은까,1
차낭,1
버티면,1
목요일,1
입니당,1
노윤서,1
onlyoonseo,1
하시나요,1
성수동,1
버려기,1
고르고는,1
도대체,1
찍어주셔서,1
요구,1
민첩한,1
방면,1
성질,1
강한,1
원소,1
유기체,1
50분,1
쉬는,1
할듯,1
각오,1
물옷,1
넘어,1
zziseong,1
와주세요,1
강성,1
보였죠,1
SL,1
swimmechuri,1
윰님,1
funswimdiver,1
남겼죠,1
밸런스,1
아껴,1
메추리,1
비싸다는,1
하기도,1
사일로,1
나타나기,1
다시금,1
지나면서,1
대를,1
2010년,1
세미,1
가오리,1
머스트,1
세레나,1
2004년,1
만들었으며,1
도모,1
끊임없이,1
힙합씬,1
언더그라운드,1
그라임,1
영국,1
항의,1
주류,1
집단,1
하위,1
이었으나,1
생산,1
샥스하,1
테니스,1
글래머,1
했다고,1
발표,1
응답,1
멋쟁이,1
하디,1
벨라,1
비버,1
헤일리,1
라마,1
켄드릭,1
되었을까,1
인식,1
증거,1
틀림없는데,1
들이었다,1
심했던,1
무겁,1
같았다,1
밀레,1
신인,1
신예,1
Greg,1
Cooper,1
Aaron,1
바르,1
에릭,1
흡사했다,1
쇼바,1
포크,1
서스펜션,1
자전거,1
산악,1
프로토,1
막상,1
하였다,1
참조,1
Thompson,1
보았다,1
Farris,1
덩크슛,1
의견,1
님들,1
반박,1
불리우던,1
버린다,1
꽂아,1
세운,1
되진,1
바이스,1
프레데릭,1
프랑스,1
BB,1
드림팀,1
시드니,1
서서히,1
내재,1
하였으며,1
체고,1
해본다,1
오래전,1
기대하면서,1
보여주길,1
도약,1
로서,1
타이틀,1
LINE,1
FINISH,1
NO,1
IS,1
THERE,1
약속,1
끝나지,1
결코,1
bootyfulljamie,1
재미있어요,1
INST,1
훈제오리,1
byeonwooseok,1
byeonwooseokoutfit,1
주랑,1
나사,1
자냐,1
예쁘,1
1015만원,1
평균,1
힘든데요,1
하기가,1
가까이,1
Phantom,1
드리려고,1
readyitmag,1
luckyjoo,1
쉽습니다,1
경쟁자,1
멈추지,1
만들기,1
행복,1
특별하고,1
진지한,1
marketingfactory,1
되실거에요,1
명도,1
성도,1
구스,1
폭주,1
대폭,1
rumie,1
330,1
Voque,1
Pinterest,1
Image,1
부르죠,1
의식,1
몰아,1
장벽,1
나은,1
매년,1
빠지기,1
달리는,1
시점,1
영원히,1
분리,1
신비로운,1
평범한,1
일어날,1
떠다니는,1
달릴,1
섬광,1
기쁨,1
로켓,1
오마쥬,1
스탠드,1
감안,1
무료,1
4000원,1
산간,1
3000원,1
배송비,1
오염,1
65,1
총기,1
56,1
단면,1
100000원,1
첼시,1
hotzsc,1
시킬수,1
류량,1
범위,1
환불,1
gym,1
아이폰,1
mimthewardrobe,1
Bag,1
belieratelier,1
Pants,1
zplishofficial,1
긴장,1
수능,1
yyyyyygm,1
환영,1
올리고,1
최대로,1
밝기,1
찍었으며,1
카메라,1
pro,1
바로바로,1
1초,1
휴식,1
SET,1
부러지거나,1
딱딱한,1
눕고,1
좋으면,1
스터드임,1
가보면,1
사라지고,1
운동장,1
학창,1
사업,1
체육,1
주도하는,1
핫딜,1
쓰기,1
카라,1
무릎,1
당할,1
위험,1
그렇기에,1
금보,1
정확하게,1
sumniiiii,1
중요한,1
즐기고,1
오랫동안,1
경향,1
될까,1
이왕,1
그렇기,1
AG,1
다홍치마,1
담겨있다,1
노하우,1
workoutcharm,1
swimsj,1
우주복,1
밀고,1
강하셨다,1
곤조,1
들의,1
좋아하거나,1
NBA,1
스냅백,1
였다,1
무서울,1
루즈핏,1
셉도,1
강하다,1
살펴보면,1
스러울,1
이라지만,1
돌고,1
왜냐면,1
갔기,1
하늘아래,1
래서,1
우주,1
그랬을까,1
도입,1
기계,1
1984년,1
아저씨,1
고어,1
브루스,1
아니라고,1
쉽게,1
였기,1
관점,1
따름,1
신기할,1
참으로,1
하다고,1
122,1
Ep,1
셉의,1
산거는,1
귀여워서,1
참이,1
사려,1
swimyang,1
크구요,1
15741136,1
토탈,1
나타난,1
산타,1
없쟈,1
수가,1
없더라고요,1
오렌지색,1
없다지만,1
재활용,1
전문,1
제조,1
zellerfella,1
있으면,1
했다면,1
mygoodtip,1
thomas,1
ian,1
complex,1
게임,1
Zellerfeld,1
Experience,1
ComplexCon,1
컴플렉스,1
16일,1
프리뷰,1
맺고,1
면임,1
fastpapermag,1
속지,1
활기차고,1
목록,1
해볼까,1
hcdsn,1
프리즘,1
비주,1
가득한,1
한답니다,1
선보였습니다,1
생동감,1
불규칙한,1
포스터,1
저니,1
Chen,1
Howard,1
heesunfit,1
야무지게,1
오등완,1
티바,1
렉풀,1
뇨러분,1
진행중,1
데려왔어용,1
고사기,1
아깝쥬,1
구멍,1
나잖아요,1
도톰한,1
보호,1
해줘요,1
가능하시고,1
10101016,1
visualprismmag,1
금일,1
990,1
희진,1
고단,1
가리는,1
회의,1
교육,1
친한,1
idealsr,1
골라봥,1
매거진,1
따끈따끈한,1
어울릴거예요,1
직한듯,1
계시,1
솔트,1
모여,1
보면서,1
기다립니다,1
watchtogether,1
cherryjoy,1
00,1
스카치,1
환장하는,1
자태,1
tjsaw,1
버릴,1
커신,1
이걸루,1
찾아놨어요,1
교복,1
어울릴,1
요게,1
tripgoing,1
860,1
페미,1
슬랙스,1
honeybelleworld,1
chariza,1
53,1
daniela,1
carlinrebel,1
footpatrolparis,1
nosepi,1
보너스,1
코디템,1
올라타,1
에도,1
데려왔습니다,1
뽐내는,1
영롱함,1
레전드,1
ciorciu,1
daniellemetz,1
hiroyuki,1
198484,1
iamcharlotteolivia,1
jademacj,1
칸예,1
한겨울,1
뽑는,1
추워진다는데,1
좋음,1
icatswim,1
decathlonkorea,1
데카,1
트론,1
들거나,1
메고,1
하신,1
대무료배송,1
사주까,1
세로,1
직장인,1
zzomunni,1
저렴한데,1
치는,1
Mid,1
85000,1
미듐,1
스몰,1
구성은,1
어려워,1
어떤거,1
어우러졌습니다,1
좁게,1
매시업,1
방향,1
따끈한,1
오버레이,1
살렸습니다,1
플랫,1
퓨터,1
유명해진,1
뉴트럴,1
다양합니다,1
되었으나,1
체리,1
더해졌으며,1
날렵하지,1
둥근,1
넓거나,1
발등,1
9060,1
KITH,1
복인,1
255,1
어우러졌으며,1
사로잡은,1
눌러,1
왔어,1
하다는,1
홀딱,1
225,1
2005,1
아니죠,1
그런게,1
저만,1
보이는건,1
블랙메탈,1
드루,1
잠잠하나,1
뿌시,1
들어갑니다,1
뚫고,1
아빠,1
초초초초특가,1
당근,1
저렴,1
주의,1
신데렐라,1
찾습니다,1
임자,1
겟할때,1
여친,1
해주기,1
박힌,1
찾아옴,1
155000,1
Homme,1
렌트,1
입수시,1
착붙핏,1
탄탄함,1
붙는,1
입어도,1
썰릴,1
켜준,1
해에,1
Garcons,1
빠져,1
졸린에,1
재작년,1
1635455143,1
김혜린,1
성형,1
파였지만,1
등살,1
편해요,1
조언,1
빠지면이전으로,1
있을지,1
모르겠지만,1
가능할,1
좋아해서,1
입을거,1
구독,1
사구,1
놀라고,1
놀란,1
꼼데,1
Comme,1
des,1
만났는데,1
Cortez,1
Cool,1
올릴,1
FRIZE,1
4천원,1
짚힐,1
않았던,1
만에,1
모아지고,1
끌어,1
Grey,1
Recreation,1
Fall,1
만의,1
그중,1
찾아지는,1
1920만원,1
woganwodeyang,1
좋아해주셨는데,1
원하시는,1
서둘러주세요,1
verygoodtip,1
핑쿠,1
사야하는거,1
파프,1
왕좌,1
앉은,1
대감,1
높였고,1
장인,1
거듭,1
더했는데요,1
파노말,1
PAF,1
23만원,1
78만원,1
910만원,1
Hiroshi,1
트렁크,1
인테리어,1
feedkorea,1
추리닝,1
버리는,1
Foam,1
Normal,1
ootdkr,1
실시간,1
FLEX,1
Backseop,1
Supreme,1
Darwin,1
고고씽,1
Fujiwara,1
자라,1
Fragment,1
Design,1
보이드,1
종은,1
21만원,1
젤카,1
만족도,1
하루빨리,1
한주,1
야간,1
물어보셔서,1
박제,1
나시,1
마르,1
짱짱한데다,1
넉넉해서,1
워터스포츠,1
달렸습니다,1
버틸,1
이겨,1
나이트런,1
썸머,1
전마협,1
14시,1
책임감,1
보았습니다,1
줄여,1
이라도,1
1분,1
좋아하겠구먼,1
남매,1
기다린,1
있었고,1
대단한,1
아니지만,1
111,1
세울,1
있었습니다,1
해보고,1
깊은,1
쌓고,1
왔기에,1
되었건,1
dayoungrunn,1
runranrunyi,1
싸랑,1
양질,1
선생님,1
단기간,1
오매불망,1
기만,1
들어가요,1
연연연,1
싶었지만,1
오리발,1
편합니다,1
괜찮은,1
누렁이,1
보라색,1
신남,1
모셔,1
사고있다,1
지마켓,1
한편,1
낙낙,1
143,1
옥시즌,1
물속,1
듣고싶은데,1
스케쥴,1
허락,1
해줄지,1
모르겠다,1
probangkoker,1
ausome,1
98,1
편했던,1
조녜롭다,1
귀엽고,1
에쁨,1
콩떡일,1
스럽다,1
그림,1
그리기,1
개선,1
급성,1
장했습니다,1
거랭,1
들어오더라고요,1
하는데는,1
구입,1
곤란하게,1
뛰어갔답니당,1
vs,1
연예인,1
원주,1
ㄹㅇ,1
콩떡,1
당함,1
딱입니당,1
오묘한,1
가져왔어,1
이었나요,1
들어올것,1
정면,1
비키니,1
아슬아슬,1
하더라구요,1
입는거,1
맞는거져,1
올게,1
12등,1
이에요,1
워크숍,1
입은,1
BTO,1
CI,1
가렸으니,1
비지니스,1
담은,1
알려주는,1
알오,1
만두,1
혁뛴,1
경주,1
대연,1
규명,1
준방,1
런배님들,1
지지자,1
부대,1
수민,1
소은,1
감사합니다자,1
삐지지말기,1
사준,1
영원한,1
haerinvibe,1
많다는,1
났다는,1
모으고,1
이기,1
금주,1
행보,1
15년,1
힙합,1
셀가를,1
달성,1
많은데요,1
컨버스,1
우탱클랜,1
브레인,1
데드,1
오르고있는,1
포동포동,1
요새,1
예뻐가야해,1
즌을,1
도라방스,1
마오,1
초대,1
0705,1
typhoon,1
가보자요,1
10회,1
까지니까,1
8일,1
닫기,1
PREMIERE,1
THE,1
SEOUL,1
AC,1
밀란,1
더비,1
결정,1
셀렉,1
트숍,1
독점,1
형상,1
INTER,1
ONE,1
BLOCK,1
DOWN,1
inter,1
nikefootball,1
2324시,1
세리에,1
리그,1
NIKELAB,1
모자라,1
장도,1
야외샷,1
바닷가,1
그칭,1
빠스,1
좋다잉,1
inssanote,1
기다리는,1
선보인다,1
끝판,1
실력,1
ㅋㅋㅋㅋㅋㅋㅋㅋㅋ,1
호로록,1
버렸어요,1
돌아가고,1
해야겠어요,1
당분간,1
38,1
야외,1
어렵겠죠,1
묵혀놨던,1
야금야금,1
증맬루,1
사무실,1
jsionl,1
에드,1
셋업,1
엔딩,1
취저,1
아니냐구,1
딱인뎁,1
leesiyoung,1
브릭,1
부여,1
rangotter,1
antonioli,1
휴가,1
액세서리,1
테마,1
고고,1
나온다,1
예쁘잖아,1
highsnobiety,1
전면,1
수상,1
1989년,1
bodepersonal,1
밝혀진,1
7천원,1
지필,1
STSSY,1
복각,1
초기,1
인정받아,1
금액,1
대가,1
형성,1
스투시,1
폰트,1
액션,1
파슬,1
110달러,1
yomzansi,1
뿜뿜하,1
rrammel,1
588,1
삼다도,1
열풍,1
않았음,1
콘셉트,1
넘길,1
처리,1
않았으며,1
용이,1
루머,1
artarttoday,1
독보,1
보였다,1
담아내며,1
멤버,1
조화롭게,1
연출,1
성숙해진,1
냈다,1
결합,1
Field,1
탱크톱,1
General,1
White,1
105000,1
snap,1
button,1
woven,1
jacket,1
TC,1
7900,1
고프,1
오래,1
몬아크테릭,1
스노,1
워밍업,1
수유,1
출산,1
받았다,1
함께라면,1
문슈,1
시드,1
김고은,1
그럴,1
잔아요,1
무더운,1
luvjayne,1
달려가,1
끝나가는,1
이쁜거,1
부탁드려요,1
구아바,1
모르지만,1
두었어요,1
귀환,1
스파이크,1
시키는,1
ASaandsofficial,1
레플,1
12430,1
7천,1
14300,1
aandsofficial,1
저럼한,1
Torch,1
Anthracite,1
Silver,1
87000,1
신고싶은,1
allabout,1
질렸다면,1
일산,1
힘내서,1
피어,1
39900원,1
보셨을텐데,1
원픽,1
직구,1
꽃혀,1
사고싶고,1
슝복,1
리온,1
스무살,1
트릴,1
53124원,1
49500원,1
토피,1
69900원,1
WAY,1
예쁘네요,1
담겼어요,1
shinyubin,1
만났습니다,1
보여주며,1
초창,1
느껴지면서도,1
코코넛,1
ahkeemthedream,1
arablincoln,1
ojiman,1
joreyj,1
yamyamm,1
da,1
흐린,1
훠이훠이,1
꽂혀서,1
33,1
가아,1
만타,1
흡사하고,1
버렸지요,1
어마어마하더니,1
만족스러웠어요,1
여서,1
들였습니다,1
자주색,1
들였을,1
luvsol,1
이었으면,1
이구,1
아니라는,1
분산,1
내려와서,1
허리춤,1
아니냐구요,1
가세,1
인증샷,1
찍으면,1
예쁘겠죠,1
알고싶으면,1
소유,1
클론,1
제리,1
로렌,1
조가,1
로퍼,1
시킬,1
썬더,1
XT,1
아몬드,1
라이드,1
이백이,1
있던데,1
비슷한거,1
기다려주신,1
모았쟈,1
티스,1
aubreymccarty,1
45,1
cherishgwangju,1
다가가고,1
반가,1
점도,1
대하,1
카투스,1
야했는데,1
아파서,1
되어서야,1
차렸습니다,1
영접,1
나왔을까요,1
나왔더라면,1
샀을텐데,1
들어오지만,1
우겨,1
같다는,1
들었슴다,1
찌워,1
야하나,1
맞아서,1
들어가는데,1
의외로,1
들어옴이,1
없어요,1
크게,1
69800원,1
모놀로그,1
79000원,1
내주었으면,1
한거겠지요,1
비침,1
한치,1
맡기면,1
수선,1
되어있어요,1
업도,1
기운,1
남습니다,1
않았을까,1
끈이었다면,1
요렇게,1
늘어났거든요,1
입느라,1
자기만족,1
입어보겠습니다,1
bokhakm,1
춥네요,1
폭발,1
일어난,1
histofit,1
nofilterTV,1
같지만,1
갖고싶음,1
켄달,1
제너,1
지사,1
찾아오는,1
쫓는,1
환경,1
GEL,1
돌려,1
다른거,1
됐는데,1
입어보았,1
bend,1
유지,1
neutral,1
올라오기,1
상동역,1
출구,1
도보,1
2분,1
뱅뱅,1
프라자,1
suemesure,1
보시는거,1
신던,1
이었던,1
가지고있어서,1
산지,1
땡겼는데요,1
군중심리,1
반영,1
좔좔,1
명성,1
겉감,1
횟빛,1
스판,1
함유,1
되어있어,1
도합,1
늘려,1
쿨타임,1
갔습니다,1
신비한,1
아이슬란드,1
반디,1
노스페이스,1
67000원,1
삼선,1
64500원,1
시어서커,1
널디,1
94800원,1
89000원,1
미지,1
185000원,1
거등,1
입어줘야,1
막은,1
간절,1
좋답니다,1
98000원,1
칙스,1
33210원,1
예일,1
패커블,1
49000원,1
110000원,1
52500원,1
78000원,1
퍼커링,1
43200원,1
슬래시,1
49900원,1
키뮤,1
로시,1
투톤,1
59900원,1
주기도,1
심심한,1
이니셜,1
맞츄자,1
탐구,1
OBSCURA,1
쏟아내는,1
측먼,1
칠흑,1
네오프렌,1
교체,1
그립이,1
잊을,1
1100,1
sneakersnstuff,1
numulbo,1
쟈기,1
고루,1
비싼거야,1
파로,1
재미,1
72000,1
스타더스트,1
67000,1
퓨어,1
61000,1
느와르,1
52000,1
48000,1
64000,1
77000,1
41000,1
82000,1
xhxsxyx,1
아이언,1
베스,1
다르의,1
핏이었,1
크리스마스,1
딱이라는,1
강조,1
망고,1
좋겠당,1
해보였던,1
파여있어,1
무려,1
파임이,1
이었던것,1
진실,1
그게,1
썰을,1
모르겠네,1
어울림,1
입어야지,1
쓰지,1
보자아,1
신나는,1
도톰,1
쿠션,1
찬답니다,1
용운동,1
장면,1
러닝백,1
스핀,1
브로,1
태클,1
피하,1
점프,1
보여줬는데요,1
알다가도,1
갔었던,1
킷볼,1
경량패딩,1
너무나도,1
가야,1
벚꽃,1
신구,1
봄이니깐,1
정답,1
Japan,1
착하러,1
Make,1
World,1
Jordan,1
가보다,1
아니냐고,1
스팽글,1
많았던,1
맞춰서,1
되었네요,1
꽃들이,1
입기도,1
나들이,1
가고,1
즐겨요,1
간다,1
두자,1
남녀,1
공용,1
Izy,1
Khaki,1
135000,1
갖고싶어요,1
됐을,1
후원,1
사인,1
경의,1
550,1
호도,1
소비자원,1
heynews,1
크레이프,1
미드나잇,1
SMU,1
2002,1
WITNESS,1
네이쳐,1
커리,1
미디움,1
16만원,1
와우,1
카카오,1
WOMEN,1
슬릭,1
파워,1
쿨링,1
UA,1
크로스,1
편이었다,1
수준,1
적합한,1
드러났다,1
빠르고,1
넓어,1
느리고,1
퍼지는,1
좁았다,1
우수했고,1
양호,1
WB,1
메사,1
슈퍼스타,1
스럽네요,1
뒤집어,1
삽입,1
nfl,1
usnikefootball,1
RomeoX,1
hariboswim,1
오래오래,1
갈망,1
올줄은,1
몰랐어요,1
멋지다고,1
입어보니까,1
멋지,1
자나요,1
왔으니까,1
마룬,1
할머니,1
지치지,1
입어야겠어요,1
자고,1
해준,1
루씨,1
ㅎㅎㅎㅎㅎ,1
되십시오,1
어번,1
클리어,1
쉐도우,1
볼드,1
올모스트,1
옐로우,1
키치,1
입쟈,1
바막,1
동할때,1
1213,1
매가,1
sneakertigger,1
rebeccahyldahl,1
하고싶다면,1
예민함,1
나가면,1
물건,1
진청,1
딥블루,1
찬스,1
없지,1
빼놓을수,1
107000,1
mumfelt,1
8311,1
최상급,1
메이저,1
성품,1
싸고,1
않습니다,1
마진,1
하는것이,1
소신,1
컨택,1
자신있게,1
말씀드릴수있으며,1
자부,1
할수있습니다,1
맡겨주시고,1
고객,1
Brown,1
Baroque,1
모아서,1
법도,1
플레르,1
대릴,1
70,1
MM,1
hyxn,1
이뻤던,1
돈편,1
안녕하세요,1
구현,1
주우,1
잘산,1
착샷들,1
보네요,1
원하셨던,1
물어봐,1
지네,1
주셔서,1
넘기시면,1
되실,1
얄쌍하,1
빠져서,1
버뮤다,1
어울리더라구요,1
되셨으면,1
좋겠습니다,1
실만,1
달려오겠습니다,1
안내,1
이청아,1
nawonny,1
들은,1
봐주세요,1
교차,1
같지요,1
바라보며,1
펼쳐내는,1
좋겠다,1
설레게,1
핑크색,1
남겨주세요,1
어울릴것,1
샌들,1
바워,1
list,1
280,1
상승,1
레벨,1
있는거,1
아르,1
켜줄게,1
해보기,1
어렵지,1
고르는,1
밀어,1
넣었을,1
엄지,1
손톱,1
부을,1
있기에,1
다르다면,1
그나마,1
주얼,1
해보는,1
적절,1
kyliejenner,1
고갈,1
체력,1
갈아,1
싶어요,1
맞춰신,1
어도,1
구함,1
ahreumnoh,1
행운,1
케이스,1
콘트페리,1
파셔서,1
제껀,1
했오용,1
팔아주셔서,1
짱짱한,1
힙부분,1
맞는것,1
입어보고싶,1
기저귀,1
onlybi,1
오사카,1
여행가,1
입으려고,1
공장,1
작업복,1
팔도,1
길어서,1
그러네,1
봐주는데,1
분유,1
먹이,1
가해서,1
씻겨서,1
모레,1
플루,1
봉투,1
외신,1
멋있는,1
관심사,1
bellawyoung,1
출시되,1
들려왔고,1
돌아올,1
단종,1
저작권,1
2014년,1
짓은,1
nonlabelmag,1
귀엽겠지,1
봄날,1
하겠습니다,1
이어야만,1
만났어요,1
묻어나는,1
골랐어요,1
재밌게,1
여지,1
모이세요,1
예쁘기로,1
놓치면,1
데려왔어,1
축제,1
페스티벌,1
개최,1
arcteryx,1
salomon,1
4만,1
80,1
조치,1
병맛,1
풀리면서,1
들어가니,1
되길,1
매출,1
손님,1
진상,1
파랗게,1
이쁘더랍,1
좋아하는데,1
zzal,1
파란색,1
kimanania,1
줄줄이,1
많더라구요,1
가네요,1
유색,1
jjjudragon,1
물놀이,1
걷어,1
architectureandsneakerscom,1
3489010,1
3490099,1
메리제인,1
백과사전,1
절거운,1
어때여,1
TR,1
예쁘답니다,1
가벼,1
조이,1
편해서,1
풀릴,1
No,1
선보이는데요,1
아이돌,1
띠비,1
nurungjiji,1
도저히,1
찾으시는데,1
기대하는거예요,1
가져왔습니다,1
해피,1
돈워리비,1
물리치는,1
궁금한게,1
우중충한,1
모시겠습니다,1
나가구,1
편집,1
입점,1
아동복,1
엄두,1
매물,1
했답니다,1
장창,1
다녔는데,1
되니,1
입고싶어서,1
고이,1
모셔놨다가,1
꺼냈습니다,1
승리,1
여신,1
들어간다는,1
주지,1
않을까요,1
조각상,1
우아해,1
남대문,1
조율,1
승자,1
뛰는데,1
삐약이,1
팔로워,1
하시더라구요,1
알려주세요,1
불안정해서,1
악바리,1
뛰다,1
느나,1
늘어요,1
괜찮은데,1
관절,1
아픈건,1
그럴까,1
쉬고,1
투성이,1
초대형,1
쓰면,1
몬쉥겨져,1
속초,1
와있는데요,1
흐리고,1
외투,1
이뻤는데,1
실짝,1
드렸었는데,1
XXL,1
퍼스,1
온리,1
피날레,1
화수,1
밝고,1
그린포인트,1
콘테스트,1
뛰는,1
헬스,1
만수르,1
아시다시피,1
아니다,1
되겠져,1
되면,1
느껴지네요,1
커져,1
느낀,1
대서,1
고급,1
이런건,1
튀어,1
저절로,1
장비,1
갖춰져있거든요,1
들줄,1
알았,1
봐야죠,1
upnormalkr,1
대에,1
나염,1
오가,1
치노,1
코튼,1
고를,1
잇는,1
두면,1
issssdw,1
헬짱이,1
광배,1
갔는데,1
환상,1
바탕,1
Company,1
Executive,1
actuallycreative,1
oooooo,1
Agency,1
divisionglobal,1
ameliastudios,1
Production,1
신나서,1
gabrielomoses,1
저지,1
Bone,1
Pewter,1
Flat,1
허라취,1
alicewills,1
jamieglydonkallmekayode,1
lewislevi,1
alicekellis,1
eloiseskeet,1
Movement,1
andyansah,1
DOP,1
jamesbeattie,1
emiliamargulies,1
Stylist,1
javelberlin,1
Music,1
kyoteguy,1
Lyrics,1
tempat,1
hyobinup,1
얹어도,1
되잖아,1
hat,1
픽스,1
나왔던,1
나오고,1
쏟아져,1
전해지며,1
물인데요,1
작업,1
부다체프,1
들구와쒑,1
세르게이,1
페이퍼,1
킥스,1
정체,1
키운,1
크기,1
어쩌면,1
가능할지도,1
의향,1
gravepnz,1
터졌다,1
예쁘다고,1
찾은,1
놀러,1
3만원,1
받쳐,1
확실한,1
핫핑크,1
많아도,1
bookingwang,1
꾸꾸,1
럭키,1
270,1
블록,1
장착,1
굽이,1
브리,1
가져왔어요,1
완존,1
편하다구요,1
금손,1
잔치,1
꾸하기,1
꾸의,1
원조,1
아시나요,1
고정,1
흔히,1
1994년,1
데이먼,1
클래,1
부르던,1
달린,1
명칭,1
미기,1
지나,1
모던,1
봤는데요,1
onymousstudio,1
artifactsupply,1
mondayedition,1
adererror,1
oddcollet,1
오른다는,1
셀가보다,1
탁해,1
너덜너덜하게,1
사탄,1
666,1
켤레,1
휴양지,1
Yuto,1
Horigome,1
라이딩,1
파크,1
마련,1
마음껏,1
평영,1
서적,1
부끄러웠지만,1
편한거였군요,1
유혹,1
들로,1
여운,1
7만원,1
hugojansensk,1
데려옴,1
있넹,1
220270,1
행복하게,1
forsuwim,1
샀다는,1
냉큼,1
데려왔어요,1
귀하거든요,1
익숙하고,1
안정,1
적이네요,1
55,1
안타,1
해보이더라고요,1
세세하게,1
노트북,1
전공,1
swimcoordi,1
간단히,1
하시고,1
하시려는,1
필요한거니까,1
네가지,1
많는데,1
요정,1
야함,1
유명해지기,1
내장,1
강추,1
흐름,1
흘러내리는,1
무관,1
쓰셔도,1
롤러,1
하십,1
귀찮으신,1
하셔도,1
그건,1
질문,1
부딪혀서,1
버릴것,1
없스까,1
콧구멍,1
쑤욱,1
들어와서,1
뛰다말고,1
팠어요,1
tnpo,1
거리,1
보이기,1
따져,1
보자면,1
젖으면,1
사를,1
축구공,1
튀고,1
게릴라,1
옛날,1
columnmagazine,1
18만원,1
아우르면서,1
탁한,1
자아내며,1
놀라운,1
minomino,1
쳤다,1
해봤다,1
며칠,1
박혀,1
돌리게,1
definitely,1
head,1
turner,1
어떠신,1
roseon,1
savenow,1
뜨고있는,1
yeoleumdaily,1
주간,1
일기,1
업이면,1
좋겠는,1
암시,1
부농,1
고파,1
지냈더니,1
누웠서,1
죙일,1
이쁘죠,1
라서,1
눌러줘서,1
차거든요,1
나더라고요,1
아무튼,1
감은,1
이럴,1
있구나,1
싶었습니다,1
쨍해,1
예쁜고,1
달달,1
yelimkim,1
0123,1
아세요,1
짱짱해,1
보부상,1
복실복실한게,1
완죤,1
귀여오,1
거사,1
swimmari,1
0327,1
이쁜아이,1
망설였으나,1
펑키,1
디스코,1
영롱하네,1
탄탄하고,1
두껍다아주,1
저렴한거,1
뛰려면,1
핸드폰,1
NOCTA,1
무드있는,1
46만원,1
27일,1
돌이옵니다,1
러쉬,1
푸퍼,1
레이블,1
방식,1
Drake,1
wutangclan,1
일요일,1
9000원,1
17만,1
hiphopplayanews,1
사줘잉,1
재밌었던,1
중요함,1
달렸다는거,1
징징,1
대면,1
사냐,1
240,1
insightcokr,1
한글날,1
있으면서도,1
유쾌한,1
신발장,1
상표,1
가득해,1
낯설게만,1
느껴지는데요,1
괜찮은가요,1
드렸는데,1
적합하다고,1
연한,1
155,1
보홀,1
다녀와서,1
뱉어내는군요,1
빛나,1
답답하게,1
올라온다는,1
아예,1
낮고,1
가려주네요,1
섞인,1
이면,1
좋겠다고,1
보던,1
밝으신,1
시키기,1
이었다면,1
해오니,1
이뿌네요,1
욕심,1
내지,1
입어주겠,1
hajeewon,1
편안하지만,1
추구,1
캠페인,1
어울린다고,1
두번째,1
하였답니다,1
드러낼,1
보자기,1
모양새,1
안되게,1
크러쉬,1
220290,1
예뿌,1
올리브,1
디노,1
키코,1
카니발,1
버블,1
철학,1
121,1
드시나요,1
실감,1
설레는,1
명품,1
이탈리아,1
일주,1
일차,1
인사,1
뛰어,1
줬어요,1
첫날,1
악물고,1
뛰었더니,1
괜찮구,1
쓰면서,1
넘겼으니,1
나쁘지,1
있기를,1
바람직하다고,1
안됨,1
신으세요,1
힙색,1
희소식,1
실패하신,1
주가,1
오프닝,1
바라보는,1
어떨지,1
구경해,1
볼까,1
라프,1
시몬,1
스피릿,1
ASYMM,1
TONGUE,1
안티,1
그란,1
투리스모,1
NMD,1
Hu,1
세레모니,1
Gucci,1
구찌,1
점보,1
GG,1
스웨,1
에보니,1
익스,1
클루,1
시브,1
진로,1
만테,1
Adidas,1
antisocialsocialclub,1
Opening,1
Ceremony,1
캡슐,1
Corteiz,1
2017년,1
everywhere,1
버렸다,1
가득,1
메이즈,1
수선한,1
노랑,1
싫어서,1
Yellow,1
line,1
syyclaire,1
테일로,1
벌룬핏,1
한가지,1
백섭,1
PT,1
거기,1
swimswimsseul,1
프룻바스켓,1
일괄,1
16955,1
썰림도,1
잘맞아요,1
좋은걸요,1
허요,1
hangoomag,1
홍대,1
빌런,1
전인,1
게으른자,1
찍으라,1
챡붙,1
어울리는거,1
track,1
double,1
걷다가,1
쇠질,1
돌아옵니다,1
가능하세용,1
드립니당,1
이름마,1
Subscribe,1
nikestrength,1
되더라도,1
BS,1
장식품,1
똑같이,1
충격,1
내려,1
재료,1
이루어진,1
travisscott,1
짧은,1
선보이고,1
벨벳,1
모카,1
예정일,1
되어지고,1
여전한,1
ubrny,1
다이렉트,1
맞을까,1
swimrong,1
초초초,1
수린,1
밀려나는,1
쥬웅,1
backseop,1
차분하며,1
찍어서,1
뿐이더라구요,1
eterestaurent,1
FF,1
판화,1
yutohorigome,1
메달,1
보드,1
스케,1
natsukoete,1
리아,1
나츠코,1
쇼지,1
페이스트리,1
시상식,1
레스토랑,1
금메달,1
르디,1
위치,1
와일드,1
동호,1
빌딩,1
지하,1
2030만원,1
대의,1
이하의,1
착하면서,1
신한,1
찾으시면,1
달려라,1
2022,1
보았어요,1
아픈,1
실천,1
꾸며진,1
개나리색,1
하늘색,1
힐탭,1
밝은,1
16948146,1
수색,1
작아요,1
신는다,1
단체샷,1
띈다,1
궁금증,1
자아냈던,1
One,1
Only,1
토의,1
일과,1
뒷쪽,1
동그란,1
239000원,1
붙임,1
FAN,1
뜻함,1
데이지,1
들어감,1
peaceminusonedotcom,1
paranoise,1
신으면서,1
벗겨지는,1
외피,1
AQ,1
3692004,1
MENS,1
MultiColor,1
가루,1
덤벨,1
분쇄,1
친언니,1
있을거,1
해외여행,1
마스,1
완내스,1
빌려,1
입으라고,1
doongdoongpeach,1
다잡고,1
같네요,1
이용,1
다가오는데요,1
편리합니다,1
둘러볼,1
360,1
trendknowlady,1
맞추면,1
맞추자,1
princessew,1
귀여우면서,1
예쁘면,1
다니,1
oiehofo,1
편안한건,1
당연하고,1
없었는데,1
해낸,1
놀랐다,1
주안동,1
dnf,1
실패했다는,1
우울해서,1
특정,1
원하는대로,1
힐컵,1
하기엔,1
차에는,1
입을지,1
langnlu,1
선글라스,1
chanelofficial,1
havatheairkr,1
뽀글이,1
귀엽지,1
나유,1
노랭,1
단추,1
알록달록한,1
추추,1
출근,1
하느라,1
You,1
했으니,1
뿌듯허,1
자리,1
입힌,1
이어지게,1
랜덤,1
나오지,1
기다린다고,1
될지는,1
미지수,1
ID,1
이어져오다,1
개편,1
By,1
자신감,1
종운,1
어려운,1
class,1
남치니랑,1
ㅎㅅㅎ,1
맛집,1
crew,1
onetwutan,1
coach,1
유익했,1
오고,1
남기고,1
이슬,1
happyiseul,1
175,1
감사했고,1
천국,1
맞추,1
고픈,1
해봐야,1
할래,1
vipgdragon,1
권지용,1
fanplusonedotcom,1
작살,1
솔솔,1
부는,1
필요한건,1
패셔너블하,1
입어보자,1
없었던,1
있었어,1
Strength,1
불량,1
겪다가,1
업힐,1
사악한,1
이끌어주셔서,1
해왔다,1
되네,1
광장,1
해서는,1
갈아입고,1
고독,1
루틴,1
마친,1
440450,1
정신차리고,1
잡아갔던,1
어쩌다,1
페이스메이커,1
일정하게,1
믿고,1
달렸고,1
졸졸졸,1
따라다녔다,1
풍선,1
용디,1
맞았는데,1
슈퍼마리오,1
재밌고,1
지루하지,1
온다거나,1
딱히,1
없었기에,1
193,1
신나게,1
씽씽,1
살살,1
달릴수,1
uau,1
싸움이긴,1
남았던,1
가봤겠지만,1
찡하다,1
행복했구나,1
버리네,1
했나보다,1
주셨던걸,1
했는지,1
지켜봐,1
한동안,1
물어보셨고,1
괜찮으시냐고,1
힘들어,1
달려와,1
있었을까,1
저러니,1
무용담,1
하길,1
sooooorok,1
해방촌,1
스푼,1
줄곧,1
되었다고,1
맞을,1
여겨,1
녜임,1
unnilist,1
젤러,1
없으며,1
붙인,1
인쇄,1
트롤,1
괴로워,1
귀엽다,1
VV,1
폭풍,1
불구덩이,1
지옥,1
두시,1
kangmayo,1
FANIFAM,1
PEACEMINUSONE,1
여유도,1
Rifare,1
이탈리아어,1
lala,1
247,1
어울린다,1
스케치,1
같던,1
헤치며,1
달리던,1
중이,1
표정,1
일그러져,1
역풍,1
이겨내느라,1
털리고,1
불지,1
않던,1
시공간,1
멈춘,1
이글이글,1
했기에,1
있는지,1
없는지,1
매끄러운,1
표면,1
마감,1
예뿌잖,1
고가,1
음악,1
영화,1
끼친,1
패션계,1
수십,1
레인부츠,1
더했으며,1
되시고,1
봐주시면,1
청록색,1
뵈어요,1
자정,1
18,1
만화,1
전대,1
렌즈,1
오츠모,1
플라자,1
Otsumo,1
Plaza,1
Know,1
humanmadejp,1
도버,1
마켓,1
19만원,1
77만원,1
기절,1
하고싶지만,1
하러가야지,1
할수있을까,1
고르시면,1
맞게,1
신어지더라구요,1
리프트,1
종이,1
treehumorzip,1
다니는,1
ㄷㄷㄷㄷ,1
안소희,1
소희,1
버즈,1
트리,1
제트,1
반스,1
LX,1
깅엄,1
Ansohee,1
eyesmag,1
신작,1
추워지니까,1
소프트,1
새틴,1
더해졌는데요,1
탈착,1
가능해,1
우와,1
아아,1
좋아해주셔서,1
놀랍게도,1
동일하게,1
남편,1
탁구,1
신으려고,1
좋아했는데,1
tiptolive,1
솔스페스,1
0736103,1
끈끈,1
40년,1
만나기만,1
아름다,1
조화,1
가니의,1
더해진,1
꾸준히,1
보이네요,1
newbalance,1
않았죠,1
시키지,1
실망,1
더했습니다,1
구조,1
태어난,1
트레이드마크,1
핸드백,1
시킨,1
Assistant,1
Editor,1
다희,1
yoshittang,1
collaboration,1
sportswear,1
176,1
비디오,1
쓰여,1
니체,1
된다고,1
제목,1
가의,1
puma,1
독창,1
아바바브,1
달라져요,1
뿅뿅,1
박혀있어서,1
큐티,1
surfinyou,1
ABCMART,1
런칭하,1
당연하구,1
고급스럽기까지,1
할수있는,1
두네요,1
돌아,1
겼는데,1
gwangjulike,1
27,1
들이라면,1
됐는데요,1
입으셔,1
크롭맨투맨,1
우체국,1
marieclairekorea,1
실용,1
놓칠,1
없다면,1
케미스트리,1
보여준,1
avavav,1
adidasoriginals,1
제니,1
무대,1
의상,1
가사,1
된다는데,1
FD,1
아이패드,1
04,1
yeja,1
췌크,1
백태,1
flexseoul,1
청량맛,1
있어야,1
원대,1
있을까요,1
랭킹,1
셋째,1
더해줄,1
쾌감,1
밟을,1
살고싶다,1
일상생활,1
다니는건,1
직장,1
보이길래,1
2024719,1
diveintowater,1
머릿결때문,1
쓰려,1
햇으,1
탐내는,1
싸게,1
업어,1
왔는데,1
solspes,1
오어,1
카키,1
낙엽,1
lowme,1
최지윤,1
세터,1
모았습니다,1
없으니,1
LONELYLOVELY,1
FLUFF,1
15만,1
레스트,1
레크레이션,1
OVERSIZED,1
STITCH,1
14만,1
TNT,1
Converse,1
Washed,1
Hoodie,1
리벳,1
BOUCLE,1
아플리,1
12만,1
호텔,1
세리토스,1
HC,1
Wappen,1
Hoody,1
CLASSIC,1
EMBROIDERY,1
BRUSHED,1
메드,1
라비,1
ROUND,1
SCRIPT,1
출시라는데,1
