Title,Link,Snippet
그냥 아디다스 신을래요 돌변…나이키 초비상 걸렸다 | 한국경제,https://www.hankyung.com/article/202410029826i,"Oct 2, 2024 ... 투자은행 BMO캐피털마켓 분석에 따르면 나이키 웹사이트에서 운동화 재고는 최근 몇 달간 약 20%만 매진되는 데에 그쳤다. 이날 뉴욕증권거래소(NYSE)에서 ..."
"나이키 VS 아디다스 (2). 이익, 브랜드, 경영구조 비교 : 네이버 블로그",https://m.blog.naver.com/kimwh253967/222825543774,"Jul 23, 2022 ... 카테고리 이동 감히 부자가 되겠습니다 · '순이익 비교'에서 아디다스의 순이익 성장 속도가 나이키보다 빨랐습니다. 이러한 부분은 미국에서의 급격한 ..."
글로벌 스포츠 1위 다투는 나이키-아디다스의 정반대 실적...무엇이 ...,https://biz.chosun.com/international/international_economy/2024/04/22/7CUFJZTDAFH37DMQSQ4J6KGKEU/,"Apr 22, 2024 ... 17일(현지 시각) CNBC에 따르면 아디다스는 올해 영업 이익 예상치를 당초 5억유로에서 7억유로(1조원)로 대폭 올렸다. 이날 프랑크푸르트 주식시장에서 ..."
마케팅 전략 파헤치기: 나이키 vs 아디다스,https://www.undernamu.com/ko/insights/marketing-nike-vs-adidas,"Nov 24, 2022 ... 래플(Raffle)은 추첨식 판매를 뜻하며, 나이키는 래플 방식을 영어로 추첨, 제비뽑기라는 뜻의 '드로우(Draw)'라고도 합니다. 나이키는 기본적으로 응모로 ..."
아디다스와 나이키의 결정적 차이 : 네이버 블로그,https://blog.naver.com/biz_books/220695750605?viewType=pc,"Apr 28, 2016 ... 아디다스와 나이키의 결정적 차이 ... 글로벌 경제를 선도하는 대한민국 비즈니스맨들에게 꼭 필요한 책을 엄선하여 출판합니다. ... 정보를 가져올 수 ..."
이미지 변신 성공한 아디다스…나이키 제치고 주가 고공행진 : 네이버 ...,https://m.post.naver.com/viewer/postView.naver?volumeNo=38362278&memberNo=29543445,"Aug 6, 2024 ... 최대 시장인 북미 지역에서 수요가 약해졌고 중국 경기가 둔화하고 있는 영향이다. 실적은 주가에 반영됐다. 나이키는 올해 들어서 32%가량 떨어지며 70 ..."
나이키 대 아디다스: 아디다스와 나이키의 차이점 – Freaky Shoes®,https://freakyshoes.com/ko/blogs/%EB%89%B4%EC%8A%A4-1/%EB%82%98%EC%9D%B4%ED%82%A4-vs-%EC%95%84%EB%94%94%EB%8B%A4%EC%8A%A4-%EC%95%84%EB%94%94%EB%8B%A4%EC%8A%A4%EC%99%80-%EB%82%98%EC%9D%B4%ED%82%A4%EC%9D%98-%EC%B0%A8%EC%9D%B4%EC%A0%90,"Sep 14, 2020 ... 아디다스: 반면에 아디다스의 신발은 반드시 '멋지거나 트렌디한' 요소를 갖고 있지 않을 수도 있습니다. 그래도 나이키보다는 확실히 편합니다. 따라서 ..."
아디다스 - 나무위키,https://namu.wiki/w/%EC%95%84%EB%94%94%EB%8B%A4%EC%8A%A4,"Nov 15, 2024 ... 유럽 최대 규모의 스포츠웨어 제조 업체이며, 세계에서는 나이키의 뒤를 잇는다. 특유의 3선 트레이드 마크가 특징이며, 운동화를 포함해 의류나 액세서리 ..."
"As Nike struggles, Adidas must surf Samba wave with caution ...",https://www.reuters.com/business/retail-consumer/nike-struggles-adidas-must-surf-samba-wave-with-caution-2024-10-08/,"Oct 7, 2024 ... Nike's ongoing struggles are giving Adidas a chance to keep taking market share from its larger U.S. rival, but the German brand will have ..."
"휘청거리는 나이키, 아디다스에 '세계 최고' 빼앗기나? | 한국일보",https://www.hankookilbo.com/News/Read/A2024072412460002938,"Jul 24, 2024 ... 백2, 4는 유연한 착상. 3도 백1로 틀어막는다면 백5를 선수 활용한 백7, 9의 끊음까지 필연. 흑14까지 쌍방 복잡한 전투 구도가 이어진다. 변상일 9단은 ..."
"'나이키'와 '아디다스' 격차, 어쩌다 이렇게까지 벌어졌나 - 어패럴뉴스",http://m.apparelnews.co.kr/news/news_view/?idx=200970,"Oct 6, 2022 ... 2010년대 초중반 국내 스포츠 시장의 톱은 '아디다스'였다. 2012년 '나이키'를 제치고 국내 스포츠 시장 점유율 1위에 오른 '아디다스'는 2016년 출고 ..."
나이키와 아디다스의 70만원짜리 '수퍼 슈즈' 경쟁,https://www.chosun.com/economy/weeklybiz/2023/11/16/EW7QEHL3ZZGVFBS2VJHOWXBRMA/,"Nov 17, 2023 ... 나이키와 아디다스의 70만원짜리 '수퍼 슈즈' 경쟁 ... 지난 9월 에티오피아 여자 마라톤 선수 티그스트 아세파가 베를린 마라톤에서 결승선을 2시간11분53 ..."
나이키 잡나 했는데아디다스 불매 소비자들 뿔난 이유 매거진한경,https://magazine.hankyung.com/business/article/202410271308b,"Oct 27, 2024 ... 나이키 잡나 했는데...“아디다스 불매” 소비자들 뿔난 이유 ... 사진=연합뉴스 삼바와 가젤이 다시 큰 인기를 끌며 반등을 노리던 아디다스에 대한 불매운동 ..."
런칭캘린더,https://m.capostore.co.kr/board/list.php?bdId=calendar,"카포는 2014년도부터 글로벌 브랜드인 나이키, 아디다스, 미즈노, 푸마 측으로부터 ' 축구 전문 공식 온라인 판매 딜러(AUTHORIZED ONLINE DEALER)입니다."
아디다스가 나이키보다 더 뛰어난 9가지 이유(9 Reasons Why Adidas ...,https://www.weloveadidas.com/2017/02/9-reasons-why-adidas-is-better-than-nike/,독일에서 발행되는 스니커즈 매거진(Sneakers Magazine)에서 아디다스가 나이키보다 뛰어난 이유 9가지(9 Reasons Why adidas is Better than Nike)라는 기사를 공개 ...
희비 엇갈리는 스포츠웨어 공룡들…'아디다스' 뜨고 '나이키' 지고 ...,https://www.ktnews.com/news/articleView.html?idxno=132572,"Apr 23, 2024 ... 아디다스와 나이키의 희비가 엇갈렸다. 삼바, 가젤 등 인기제품의 판매 증가와 이지 브랜드 재고 청산으로 호실적을 기록한 아디다스와 달리 2년 연속 ..."
"글로벌 만년2위 아디다스, 왜 한국선 나이키보다 잘나갈까 | 서울경제",https://www.sedaily.com/NewsView/1Z7WZ00EFA,"Sep 19, 2020 ... 유로모니터로부터 받은 국내 스포츠 의류 브랜드 시장점유율에 따르면 2019년 기준 아디다스의 시장점유율은 14.4%, 나이키는 12.4%로 아디다스가 나이키 ..."
힙합 50년의 역사를 함께 해 온 아디다스와 나이키,http://www.wwdkorea.com/news/articleView.html?idxno=5308,"Sep 18, 2023 ... DJ가 쉴 틈 없이 음악을 틀어주는 '디제잉', DJ가 틀어주는 비트 위에 MC가 말을 얹는 '랩', DJ와 MC가 만들어 가는 음악 속에서 화려한 춤을 선보이는 ' ..."
나이키(Nike)는 어떻게 아디다스(adidas)를 추월했나?,https://www.kci.go.kr/kciportal/ci/sereArticleSearch/ciSereArtiView.kci?sereArticleSearchBean.artiId=ART002743443,How has Nike Overcome adidas? - Nike;adidas;outsourcing;Air-Sole;Michael Jordan.
동살 브랜드상품 모음전 - G마켓,http://rpp.gmarket.co.kr/?exhib=213347,... 네비게이션. 라방 이벤트. MD'S PICK. 나이키. 아디다스. 기타. 미니샵바로가기. prev. next. 이전 다음. 나이키/아디다스 15% 중복쿠폰. [누구나] 해외직구 히든 15% 중복 ...
나이키·아디다스 옷에서 기준치 40배 환경호르몬 검출,https://health.chosun.com/site/data/html_dir/2023/05/19/2023051902513.html,"May 20, 2023 ... 나이키·아디다스 옷에서 기준치 40배 환경호르몬 검출 ... 나이키·아디다스 등 스포츠 브랜드의 의류에서 환경호르몬인 비스페놀 A가 과다 검출됐다."
"신생 러닝 브랜드가 나이키와 아디다스를 제칠 수 있었던 이유, 새티 ...",https://newneek.co/@dig_books/article/14035,"Nov 8, 2024 ... 제품이 아니라, 정체성을 팔아야 합니다.​최근 런닝씬에서 나이키와 아디다스 등 대형 브랜드를 제치고 '힙하다'고 평가받는 브랜드가 등장했습니다."
"아디다스, 올 들어 주가 30% 상승…나이키는 24% 하락 - 글로벌 ...",https://www.g-enews.com/article/Global-Biz/2024/10/202410160218117872da65389f94_1,"Oct 16, 2024 ... 아디다스는 복고풍 스니커즈의 지속적인 인기로 인해 3분기 연속 연간 수익 목표를 상향 조정했다. 15일(현지시각) 발표된 성명에 따르면, ..."
“나이키·아디다스가 중국 환경 망친다” - 경향신문,https://www.khan.co.kr/article/201107132135275,"Jul 13, 2011 ... 이번에 적발된 문제는 세계 최대의 의류수출국인 중국의 환경오염 중 '빙산의 일각'이다. 연간 2억6000만벌의 청바지를 생산하며 '세계 청바지의 수도'로 ..."
"나이키 vs 아디다스, '올림픽 마케팅' 승자는?",https://www.bloter.net/news/articleView.html?idxno=620198,"Jul 28, 2024 ... 2024 파리 하계 올림픽이 26일(현지시간) 개막하면서 세계 1, 2위를 다투는 스포츠업체 나이키와 아디다스가 '마케팅 전쟁'을 펼친다."
"아디다스드라이핏티셔츠 - 추천•인기 상품, 신세계몰",https://shinsegaemall.ssg.com/search.ssg?query=%EC%95%84%EB%94%94%EB%8B%A4%EC%8A%A4%EB%93%9C%EB%9D%BC%EC%9D%B4%ED%95%8F%ED%8B%B0%EC%85%94%EC%B8%A0,"아디다스 나이키/아디다스/푸마 여름트레이닝복/슬리퍼 모음전. 아디다스 나이키/아디다스/푸마 여름트레이닝복/슬리퍼 모음전. 정상가격9,900원. 판매가격9,504원 ..."
나이키 아디다스 스포츠 브랜드 SS 신상입고 - 롯데홈쇼핑,https://www.lotteimall.com/planshop/viewPlanShopDetail.lotte?spdp_no=5414770,나이키 아디다스 스포츠 브랜드 SS 신상입고. 이전 페이지 롯데홈쇼핑 홈으로 가기 ... [나이키] ...
"나이키 아디다스 사진모음, 나이키 텀블러짤, 몽환적인 패션 배경화면 ...",https://no.pinterest.com/pin/764415736746101039/,"Sep 12, 2020 ... 나이키 아디다스 사진모음, 나이키 텀블러짤, 몽환적인 배경화면 , 브랜드 아이폰배경화면 다운 ﻿아..."
나이키 운동화에 아디다스 양말 나만 거슬려? 위아래 짝 다른 브래지어 ...,https://www.threads.net/@noas_no_art_special/post/DAiptyEy-EH/%EB%82%98%EC%9D%B4%ED%82%A4-%EC%9A%B4%EB%8F%99%ED%99%94%EC%97%90-%EC%95%84%EB%94%94%EB%8B%A4%EC%8A%A4-%EC%96%91%EB%A7%90%EB%82%98%EB%A7%8C-%EA%B1%B0%EC%8A%AC%EB%A0%A4%EC%9C%84%EC%95%84%EB%9E%98-%EC%A7%9D-%EB%8B%A4%EB%A5%B8-%EB%B8%8C%EB%9E%98%EC%A7%80%EC%96%B4-%ED%8C%AC%ED%8B%B0-%EC%A1%B0%ED%95%A9-%EA%B0%99%EC%9D%8C%EB%A1%9C%EA%B3%A0-%ED%94%8C%EB%A0%88%EC%9D%B4-%EC%97%AC%EB%9F%AC-%EA%B0%9C-%EC%A1%B0%ED%95%A9%EB%B3%84%EB%A1%9C%EC%9E%84%EB%8B%B9%EC%97%B0%ED%9E%88-%EA%B0%9C%EC%9D%B8-%EC%B7%A8%ED%96%A5%EC%9E%84,"Sep 30, 2024 ... 노아스 n()as | 전시기획 Since 2018. 8. 22 (@noas_no_art_special). 73 Replies. 72 Likes. 나이키 운동화에 아디다스 양말 나만 거슬려?"
"여성 골프화 추천 - 여자 골프화 브랜드, 나이키, 아디다스, 에코, 풋조이 ...",https://kimcaddie.com/post/20230613_female_golfshoes?route=navi,"Jun 13, 2023 ... 여성 골프화 추천 - 여자 골프화 브랜드, 나이키, 아디다스, 에코, 풋조이, 지포어 골프화 추천."
JSO 육상전문몰,https://jso.co.kr/,"나이키 단거리 줌 라이벌 (스프린트). 199,000₩. 아디다스 단거리 아디제로 프라임 SP 3."
"나이키, 아디다스 계속되는 인기순환? 브랜드 고유의 철학을 녹여낸 ...",http://www.casenews.co.kr/news/articleView.html?idxno=12316,"Oct 18, 2022 ... Forever Sport라는 슬로건을 갖고 있던 아디다스는 2004년 나이키에 맞서기 위해 새로운 슬로건으로 리브랜딩한다. 이 시기는 나이키가 Just Do it이라는 ..."
나이키·아디다스 신발 생산량 대폭 축소 | Hypebeast.KR | 하입비스트,https://hypebeast.kr/2022/11/nike-adidas-reduce-amount-of-production,"Nov 28, 2022 ... 나이키·아디다스 신발 생산량이 내년부터 대폭 줄어든다: 국내 생산 업체발 정보."
[광클절] 레포츠 3대 브랜드 대전 - 나이키아디다스K2 - 롯데홈쇼핑,http://www.lotteimall.com/planshop/viewPlanShopDetail.lotte?spdp_no=5440916&llog=01701_2,[나이키] 9/18 원데이 특가! 나이키 자켓/팬츠부터 운동화까지! ... [롯데백화점] 아디다스 에센셜템! 총집합!! 신발/의류부터 세트. [롯데백화점] 아디다스 에센셜템!
"""언제적 아식스냐?"" 나이키·아디다스 줄줄이 당했다…한숨 쉬는 '이 회사'",https://www.namdonews.com/news/articleView.html?idxno=778078,"Jul 3, 2024 ... 요즘 일본 스포츠용품 브랜드, 아식스가 인기를 끌고 있다. 나이키, 아디다스가 판매 부진 및 실적 하락 등에 시름하는 반면, 아식스는 승승장구하는 ..."
나이키 위협하는 건 아디다스 아닌 '좀도둑' - 더밀크 | The Miilk,https://www.themiilk.com/articles/a6e5758b7,"Aug 8, 2023 ... 나이키 위협하는 건 아디다스 아닌 '좀도둑' · 나이키 넘어 확산하는 조직형 절도...미국 유통가 위협 · 회원가입 후 뷰스레터를 · 더밀크 AI인사이트 ..."
2024 SS 본격 시즌오픈 봄스타일링 스포츠 나이키아디다스뉴발란스 ...,https://m.lotteimall.com/planshop/viewPlanShopDetail.lotte?spdp_no=5410788,2024 SS 본격 시즌오픈 봄스타일링 스포츠 나이키아디다스뉴발란스 外 브랜드 대전 · 최근 검색어 · 추천 인기 키워드 추천 인기 키워드 · 정렬 · 상품 · 구매혜택 · 접속 ...
나이키 양말에 아디다스 신발 | TikTok,https://www.tiktok.com/discover/%EB%82%98%EC%9D%B4%ED%82%A4-%EC%96%91%EB%A7%90%EC%97%90-%EC%95%84%EB%94%94%EB%8B%A4%EC%8A%A4-%EC%8B%A0%EB%B0%9C,"Nov 4, 2024 ... 열심히 오염 부위를 닦아주고. 물로 살짝 헹구기만 하면 돼요. 대박 끝 근데 겁. 나 더러워진 운동하는. 치약 1 베이킹 소다 1. 과산화 수소수. 이를 넣고 ..."
"나이키,아디다스,노스페이스… 고품질,국제화로 이들 모두를 사로 ...",https://dbr.donga.com/article/view/1901/article_no/7633/ac/series,"현재 글로벌 스포츠웨어 시장에서 가장 '핫(hot)' 한 업체는 부동의 1위인 나이키(Nike)도, 만년 2등인 아디다스(Adidas)도 아닌, 언더아머(Under Armour)다. 한국에선 ..."
축구화 고르는 법!자세히 알아보자 : 다나와 쇼핑기획전,https://plan.danawa.com/info/?nPlanSeq=6759,나이키 축구화 사일로 & 등급 알아보기! 머큐리얼/티엠포/팬텀 나이키 축구화 사일로 & 등급 알아보기! · 아디다스 축구화 사일로 & 등급 알아보기! · 미즈노 축구화 사일로 ...
축구화 > 나이키 > 머큐리얼,https://www.crazy11.co.kr/shop/shopbrand.html?xcode=257&type=N&mcode=001&scode=001,... 아디다스 · 10푸마 · 최근 본 상품 전체보기. 검색창 닫기버튼. 배경 검은 블러. 최상단 ... 나이키 줌 머큐리얼 베이퍼 16 MDS 아카데미 FG/MG (FZ1388-300) #. 119000원.
"""매일 입었는데"" 나이키·아디다스의 배신…발암 물질 검출 - 머니투데이",https://news.mt.co.kr/mtview.php?no=2023051920081161913,"May 19, 2023 ... 나이키·아디다스 등 글로벌 스포츠 브랜드의 속옷과 레깅스 등에서 심혈관 질환과 암, 당뇨병 등을 유발하는 환경호르몬이 검출됐다는 조사 결과가 ..."
"나이키, 아디다스 등 주요 브랜드 운동화 쿠션 리뷰",https://perpetual.tistory.com/128,"Dec 12, 2019 ... 나이키 - 리액트 ... 그거슨 바로 리액트이다. 일반적인 EVA중창보다 11% 더 부드럽지만 13% 반발력을 업그레이드 한 쿠션이다. 나이키피셜로는 가볍고 ..."
"크림 ""짝퉁 나이키·아디다스 의류 거래 적발 3배 증가"" - 워크투데이",http://www.worktoday.co.kr/news/articleView.html?idxno=54889,"Jul 4, 2024 ... 한정판 거래 플랫폼 '크림'이 지난 상반기 적발한 가품 건수가 전년 동기 대비 3배 증가한 것으로 나타났다.가품 출처의 절반 이상은 온라인 패션 ..."
"""나이키 아디다스 브랜드로 돈버는 방법"" PDF를 드립니다. - 크몽",https://kmong.com/gig/228596,"무자본도 가능하고 소자본도 가능합니다. 제가 고려한 사항은 아래와 같습니다. 첫째, 무자본으로도 가능하다. 둘째, 소자본으로도 가능하다. 셋째, 다양한 채널로 확장 ..."
"나이키, 아디다스 오리지널&퍼포먼스, 리복 30%세일이 얼마 남지 ...",https://www.facebook.com/ifcmallseoul/posts/%EB%82%98%EC%9D%B4%ED%82%A4-%EC%95%84%EB%94%94%EB%8B%A4%EC%8A%A4-%EC%98%A4%EB%A6%AC%EC%A7%80%EB%84%90%ED%8D%BC%ED%8F%AC%EB%A8%BC%EC%8A%A4-%EB%A6%AC%EB%B3%B5-30%EC%84%B8%EC%9D%BC%EC%9D%B4-%EC%96%BC%EB%A7%88-%EB%82%A8%EC%A7%80-%EC%95%8A%EC%95%98%EB%8B%A4%EB%8A%94-%EB%A7%90%EC%94%80-731%EA%B9%8C%EC%A7%80-%EC%A7%84%ED%96%89%EB%90%98%EB%8B%88-ifc%EB%AA%B0-l2%EC%B8%B5-%EC%8A%A4%ED%8F%AC%EC%B8%A0-%EC%8A%A4%ED%8A%B8%EB%A6%AC%ED%8A%B8%EB%A5%BC-%EB%B0%A9%EB%AC%B8%ED%95%B4%EB%B3%B4%EC%8B%9C%EA%B8%B8l1%EC%B8%B5/816815981676414/,"Jul 22, 2014 ... 나이키, 아디다스 오리지널&퍼포먼스, 리복 30%세일이 얼마 남지 않았다는 말씀! 7/31까지 진행되니 IFC몰 L2층 스포츠 스트리트를 방문해보시길!"
아디다스는 죽었다 깨어나도 나이키 못따라와요.. : 클리앙,https://www.clien.net/service/board/park/9862583,"Nov 5, 2016 ... 아디다스는 걍 사골템 재탕수준이고... 신규템도 클리마핏 완전 구림... 추리닝 아디다스 한벌 나이키 한벌 샀는데... 핏감 재질 넘사벽으로 나이키가 ..."
"미중 무역갈등: 나이키, 아디다스 등 유명 신발 업체 '무역 전쟁 멈춰 ...",https://www.bbc.com/korean/international-48361092,"May 22, 2019 ... 미중 무역갈등: 나이키, 아디다스 등 유명 신발 업체 '무역 전쟁 멈춰달라' 호소 ... 나이키와 아디다스 등 유명 신발 업체가 미중 무역 전쟁을 멈춰달라고 ..."
"소비자가 달라졌다... 나이키, 아디다스에 생긴 일 - 오마이뉴스",https://www.ohmynews.com/NWS_Web/Series/series_premium_pg.aspx?CNTN_CD=A0002826650,"Apr 17, 2022 ... 2020년 BBC의 폭로로 중국 정부가 위구르족을 강제 동원해 면화를 생산했다는 사실이 전해지자 세계의 다수 기업이 발 빠르게 신장 면화 불매에 들어간 ..."
"유명한 브랜드 여자 테니스웨어/골프웨어 구경 1편 (나이키,아디다스 ...",https://chorokhanadi.tistory.com/entry/%EB%B8%8C%EB%9E%9C%EB%93%9C-%EC%97%AC%EC%9E%90-%ED%85%8C%EB%8B%88%EC%8A%A4%EC%9B%A8%EC%96%B4%EA%B3%A8%ED%94%84%EC%9B%A8%EC%96%B4-%EA%B5%AC%EA%B2%BD-%EB%82%98%EC%9D%B4%ED%82%A4%EC%95%84%EB%94%94%EB%8B%A4%EC%8A%A4%EB%9D%BC%EC%BD%94%EC%8A%A4%ED%85%8C%EB%89%B4%EB%B0%9C,"Aug 19, 2021 ... 먼저 제가 살펴본 브랜드들은 라코스테, 나이키, 아디다스, New Balance, 룰루레몬, 아식스, Athleta, FILA, Uniqlo입니다. 많이도 봤죠 ..."
“요즘 누가 나이키 신어?”…러닝화 세대교체 일어나나 - 매일경제,https://www.mk.co.kr/news/economy/11133710,"Oct 7, 2024 ... 월드 클래스 3종 제품은 나이키와 아디다스 신발들이 차지했으나 나머지 부문에서는 아식스, 써코니, 뉴발란스, 호카, 미즈노, 온러닝 등 다양한 브랜드의 ..."
나이키/아디다스 - 와스포츠,https://wasports.co.kr/category/%EB%82%98%EC%9D%B4%ED%82%A4%EC%95%84%EB%94%94%EB%8B%A4%EC%8A%A4/751/,나이키/아디다스 · 중저가 바람막이 (26) · 슈필러 (15) · 랜더스 (11) · 윌슨 (30) · 에어워크 (21) · 조마/켈미 (31) · 카파/미즈노 (6) · 푸마/아스토레 (17).
"아디다스→나이키 환승에 난리 난 독일 축구, 돈과 애국심 사이의 갈등 ...",https://sports.news.nate.com/view/20240325n01646,"Mar 25, 2024 ... 한눈에 보는 오늘 : 해외축구 - 뉴스 : AFP연합뉴스 [스포츠서울 | 정다워 기자] 독일축구협회가 유니폼 공급 업체를 변경한 후폭풍이 거세다."
[골프 브랜드 스토리] 나이키·아디다스·푸마도 넘지 못한 골프화 '풋조이 ...,https://www.bizhankook.com/bk/article/14734,"Jan 22, 2018 ... 미국 매사추세츠주 브락턴시에서 설립된 버트앤팩커드슈즈(Burt and Packard Shoe Company)가 그 시초다. 버트앤팩커드슈즈는 필드앤플린트(Field and ..."
"나이키, 아디다스 및 기타 브랜드의 최신 남성 테니스 의류 - 테니스바이",https://www.tennisbuy.co.kr/mens-apparael,"테니스바이에서 나이키, 아디다스 및 기타 브랜드의 최신 테니스 의류를 만나보세요."
'렛뷰'로 분석해본 나이키·아디다스 성공 전략,https://fpost.co.kr/board/bbs/board.php?bo_table=special&wr_id=650,"Apr 14, 2021 ... 미국 추수감사절에서 사이버먼데이까지 닷새간 쇼핑 대목을 말하는 '사이버 위크' 기간 동안 할인 전략은 차이를 보였다. 나이키는 모든 이커머스 채널 ..."
"독일 축구 대표팀, 자국 브랜드 아디다스와 결별…나이키와 7년 계약 ...",https://www.donga.com/news/Sports/article/all/20240322/124106792/1,"Mar 22, 2024 ... 독일 축구 대표팀이 자국 브랜드인 아디다스와 결별하고 나이키와 동행을 시작한다.독일축구협회(DFB)는 21일(현지시간) 협회 공식 홈페이지를 통해 ..."
"글로벌 스포츠 기업 실적 Review(나이키, 아디다스, 언더아머)",https://insight.stockplus.com/articles/3215,"Mar 14, 2017 ... 1. 나이키(Nike) : 시가총액(107.8조 원) · 2. 아디다스(Adidas) : 시가총액(45.9조 원) · 3. 언더아머(Under Armour) : 시가총액(9.3조 원)."
"아디다스반팔 - 추천•인기 상품, SSG.COM",https://www.ssg.com/search.ssg?query=%EC%95%84%EB%94%94%EB%8B%A4%EC%8A%A4%EB%B0%98%ED%8C%94,"아디다스 나이키, 푸마 반팔 BEST 모음전_신. 정상가격11,900원. 할인율4%판매가격 ... 아디다스 /나이키외 브랜드 인기 반팔,반바지 모음전_신. 정상가격7,900원."
데일리룩(슈프림.조던.베이프.나이키.아디다스) CREATE - Shoe.Rack,https://theshoerack.co.kr/article/create/8/300/,"Mar 29, 2016 ... 베이프.나이키.아디다스). 작성자 슈락운영자(ip:58.237.47.30). 작성일 2016-03-29 15:59 ..."
“언제적 아식스냐?” 나이키·아디다스 줄줄이 당했다…한숨 쉬는 '이 ...,https://mbiz.heraldcorp.com/view.php?ud=20240702050683,"Jul 2, 2024 ... '아재 신발'인 줄 알았더니….” 요즘 일본 스포츠용품 브랜드, 아식스가 인기를 끌고 있다. 나이키, 아디다스가 판매 부진 및 실적 하락 등에 시름하는 ..."
온 가족 신발 쇼핑 ABC마트,https://m.abcmart.a-rt.com/,BLACK ABC DAY NIKE 결산 BEST. ~ 64% · 60 ; BLACK ABC DAY ADIDAS 결산 BEST ~ 64% · 60 ; 효도 선물로 딱! 워킹화 결산 세일 ~ 63% · 29 ; 캐주얼 슈즈 결산 특가 ~ 64% · 60 ...
[폴더] 스니커즈 브랜드 컬렉션 | 이랜드몰,http://www.elandmall.co.kr/p/planshop?exhibitionNo=202312012638,"상단 메뉴. 기획전상세. 이전 페이지. 공유 하기. 나이키, 아디다스 BENEFITS. 1. 단 하루! 3종 쿠폰팩 지급. 2. 기타 인기 브랜드까지. BRAND DAY COUPONS. 더블쿠폰."
"""나이키 대신 뉴발·아디다스"" MZ 외면…주가 추락 어디까지 (영상)",https://m.edaily.co.kr/News/Read?newsId=03161926638992568&mediaCodeNo=257,"Aug 30, 2024 ... 세계적인 스포츠(의류·신발 등) 브랜드 나이키(NKE)에 대해 젊은 소비자층에서의 브랜드 선호도가 낮아지고 있다는 경고가 월가로부터 나왔다."
나이키의 운명을 바꾼 한마디,https://brunch.co.kr/@7ewworld/60,"May 17, 2020 ... 그리고 자연스럽게 자신의 스폰서 브랜드를 결정하는 시기가 되자 조던은 에이전트였던 데이비드 포크에게 'Adidas'와 계약하게 해달라고 요구합니다. 그 ..."
품절남 | 젤카야노31 솔직후기 #shorts #아식스 #나이키 #아디다스 ...,https://www.instagram.com/pumjeolnam/reel/C8p8PUwSVDZ/,"Jun 25, 2024 ... 0 likes, 0 comments - pumjeolnam on June 25, 2024: ""젤카야노31 솔직후기 #shorts #아식스 #나이키 #아디다스 #퓨마 #런닝화리뷰""."
"[호주생활정보] - 시드니 아울렛 정보, 나이키, 아디다스, 뉴발란스 ...",https://post.naver.com/viewer/postView.nhn?volumeNo=27601985&memberNo=32795373,"Feb 27, 2020 ... 이곳은 총 3층으로 구성되어 있는데요, 명품브랜드부터 중저가 브랜드, 약국, 스포츠용품 매장, 주방용품, 사무용품, 악세서리 매장 등 다양한 브랜드들이 ..."
나이키나 아디다스 직영점 정규직원의 미래는 무엇일까요??? | 잡 ...,https://www.jobkorea.co.kr/User/Qstn/AnswerWrite?qstnNo=78145,"Aug 4, 2022 ... 경험하셨던 일은 극히 부분입니다. 매장에서는 세일즈와 관련된 사원도 있지만 개인사원의 의지와는 다르게 창고팀이나 캐셔팀으로 발령이 될 수도 ..."
"나이키,아디다스 리유저블 쇼핑백 - 에이블리 스토어",https://m.a-bly.com/goods/18931626,"나이키,아디다스 공식 국내 매장판 · *리유저블 쇼핑백 은 재활용 소재인 타포린을 사용하여 제작된 제품이로 소재특성상 주름이 있을수 있습니다. · S (380mm x300mm ..."
"[TIN뉴스] 아디다스·풋락커, “나이키 잡자”",https://www.tinnews.co.kr/22584,"May 7, 2022 ... 미국 금융서비스업체 Wedbush의 분석가 탐 니킥(Tom Nikic)은 “이번 파트너십은 결국 풋락커의 입장에서는 나이키의 (D2C전환)결정으로 인해 발생한 손실 ..."
세기의 라이벌 투혼의 아디다스 vs 승리의 나이키…명승부마다 그들도 ...,https://sgsg.hankyung.com/article/2012060823281,"Jun 8, 2012 ... 아디다스 수제 러닝화의 시초였다. 1936년 베를린올림픽에서 전설적인 육상선수 제시 오언스가 그들의 신발을 신고 대회 4관왕을 거두자 전문 스포츠 ..."
"세계적인 두 브랜드, 아디다스와 나이키의 분쟁",https://www.wip-news.com/news/articleView.html?idxno=13640,"Jun 17, 2022 ... 세계적인 양대산맥 스포츠웨어 브랜드 아디다스와 나이키, 그들이 법정 분쟁에 돌입했다. 이들의 분쟁은 6월 10일 아디다스가 법원에 나이키를 특허 ..."
빅 네임 스토리: 나이키와 아디다스의 마케팅 대결,http://www.goodmorningvietnam.co.kr/news/article.html?no=57939,"Oct 30, 2022 ... 빅 네임 스토리: 나이키와 아디다스의 마케팅 대결 · 나이키와 아디다스의 유명한 로고 · 나이키와 아디다스 모두 운동선수의 신발 품질 향상을 목표로 ..."
북한 공장에서 '나이키' '아디다스' 'A&F' 의류 제작했다 〈책 속으로 ...,https://shindonga.donga.com/3/05/13/2126994/1,"Jul 21, 2020 ... 미국 유명 브랜드인 아베크롬비&피치, 블라우어USA 제품을 북한 노동자가 생산했으며 미국 브랜드 뉴발란스 점퍼는 북한에서 생산돼 중국 내수용으로 ..."
'나 사실 나이키 신었어'...아디다스 상징 메시의 숨기고 싶은 ... - 스포키,https://sporki.com/wfootball/news/683321,"Jul 28, 2023 ... 그렇다면 메시는 언제 나이키 축구화를 신었을까. 메시는 프로 데뷔 이후에도 2년간 나이키 축구화를 신었다. 모델도 다양했다. 당시 인기 모델이던 ..."
[롯데백화점] 나이키VS아디다스 : 롯데백화점,https://www.lotteon.com/display/planV2/planDetail/105698?mall_no=2,NIKE BEST 신발 · 찜하기. 나이키 W 빅토리 원 CN9677-005 · 찜하기. 나이키 캄 남성 플립플랍 FD4119-001 · 찜하기. 나이키 캄 플립플랍 (여성) FD4115-001 · 찜하기.
나이키·아디다스...가죽제품이 아마존 밀림을 죽이고 있다,https://www.newstree.kr/newsView/ntr202111300003,"Nov 30, 2021 ... 나이키·아디다스...가죽제품이 아마존 밀림을 죽이고 있다 ... 유명 패션브랜드들이 아마존 열대우림 파괴에 일조하고 있다는 주장이 제기됐다. ... 조사대상 ..."
나이키 아디다스 남자 여자 반팔티 티셔츠 이너웨어 모음전 - GS SHOP,http://www.gsshop.com/deal/deal.gs?dealNo=59997954&kwd=%EB%82%98%EC%9D%B4%ED%82%A4&gsid=srcheshop-result&rank=26&lseq=396001,나이키 아디다스 남자 여자 반팔티 티셔츠 이너웨어 모음전 · 무이자 할부 조건 · 챔피온 로고 무지 반팔티 남자 여자 반팔 티셔츠 네이비 T425NY · 나이키 NSW JDI 스우시 ...
"번개장터, 상반기 스니커즈 거래 '나이키' 1위...아디다스, 뉴발란스 ...",https://www.ajunews.com/view/20240819170834795,"Aug 19, 2024 ... 번개장터 스니커즈 카테고리의 각 연령·성별 거래 데이터를 살펴보면 △2010년 이후 태어난 알파세대(15세 이하) △자신만의 라이프스타일을 추구하는 2544 ..."
"반등하는 '아디다스', 가라앉는 '나이키' - 어패럴뉴스",https://www.apparelnews.co.kr/news/news_view/?idx=211640,"Jun 6, 2024 ... [어패럴뉴스 오경천 기자] 글로벌 스포츠웨어 양대산맥인 '나이키'와 '아디다스'의 국내 시장 행보가 엇갈리는 분위기다."
나이키·아디다스 등 유명 스포츠의류서 환경호르몬 검출,http://www.hnews.kr/m/page/view.php?no=61619,"May 23, 2023 ... 나이키·아디다스 등 유명 스포츠의류서 환경호르몬 검출 ... [현대건강신문=박현진 기자] 미국 환경단체의 조사 결과, 나이키 아디다스 등 해외 유명브랜드 ..."
[박준영의 Trend & Brand] 아디다스 덕후 마이클 조던은 왜 나이키와 ...,https://www.ttimes.co.kr/article/2022100715287783777,"Oct 7, 2022 ... 아디다스는 왜 NBA 시장을 놓쳤을까? 나이키의 소름 돋는 광고모델 선구안의 비결은 무엇일까?나이키와 아디다스는 최고의 브랜딩 교과서라고 하죠."
"[질문] 나이키, 아디다스 운동화 사이즈 질문 - Pgr21",https://pgr21.com/qna/157898,"Sep 1, 2021 ... 에어포스면 나이키 '에어포스 정사이즈' 검색하셔서 찾아보시면 도움 됩니다. 후기나 리뷰에 반사이즈 크게나옴 작게나옴 정사이즈. 이렇게 나오거든요."
슈마커 :: 즐거움을 신다,https://www.shoemarker.co.kr/,"즐거움을 신다! 나이키, 아식스, 아디다스, 클라우드 제로 등 온라인 공식 스토어."
"흔들리는 나이키, 폭락하는 아디다스 - YouTube",https://www.youtube.com/watch?v=M2T0Pyfmml8,"Apr 26, 2024 ... 0:00 ~ 7:02 아디다스와 나이키 영광의 시대 7:02 ~ 27:47 관종의 삶 27:47 ~ 나이키의 경우 어렵고 딱딱한 경제,시사,금융 이야기를 쉽고 유쾌하게 ..."
15만원이하 신발 랭킹 | KREAM,https://kream.co.kr/exhibitions/4993,"나이키 에어맥스 토치 4 앤트러사이트 메탈릭 실버. 거래 892. Nike. Nike Air Max ... 아디다스 VL 코트 베이스 클라우드 화이트 컬리지에이트 그린. 거래 1,860."
아디다스 쿠션드 크루 삭스 3P IC1311 : 다나와 가격비교,https://prod.danawa.com/info/?pcode=21653114,"패션/잡화/뷰티,모자/패션잡화,양말, 아디다스 쿠션드 크루 삭스 3P IC1311, 요약정보 : 중목 양말 / 남녀공용 / 스포츠양말 / 부분 이중 쿠션 / 색상: 블랙, 화이트, ..."
"배구/피구/족구 - 더플백/팀백, 배구, 족구, 볼펌프 | 쿠팡",https://m.coupang.com/nm/plp/550262,나이키 데일리 스포츠활동 작은 블랙컬러 더플백 가방 PG2992-010 + PGN짐쌕가방 ... 아디다스를 포함한 다양한 브랜드의 제품들입니다. 원하는 브랜드의 제품을 ...
