,comment,author,date,num_likes
0,해당 영상의 42초 -49초에 나간 장면은 나이키 공식 운영 매장에 해당되지 않습니다. 시청자 분들의 혼선 없기 바랍니다.,@newskbs,2024-07-12T07:00:43Z,77
1,혼선이 생기게끔 자료화면을 넣어놓고 댓글로 띡 혼선없기 바랍니다?ㅋㅋㅋㅋ공영방송 수준이 유큐버들 영상만 못하네,@wjxhj-ow7jsiq_u6oq2,2024-07-14T00:35:18Z,60
2,폐점 떨이 할인,@DDEGURURU,2024-07-14T19:22:19Z,1
3,​@@wjxhj-ow7jsiq_u6oq2 딩동댕,@calvinsc5105,2024-07-15T07:15:01Z,3
4,49초-51초,@jocollet,2024-07-16T22:20:24Z,0
5,근데 왜 넣으셨어요?,@ACT-ti7eh,2024-07-17T00:41:56Z,8
6,나이키 장점이 가격대비 품질이 상당했는데 요즘보면 디자인만 신경쓴건지 마감이 무슨 나이키 짭퉁사는 기분임,@환이튭,2024-11-19T12:12:23Z,0
7,이쁜신발은 웃돈주고사야하는 나이키...  돈주고사고싶은데 신발이 없다... 매출?  제품살자격 뽑기나 공홈전용 제품 찍어내지말고 매장에좀 돌려라..,@playkid_777,2024-11-04T14:43:11Z,0
8,옷감재질은 형편없고 디자인도정말 한숨나오고 예전 나이키로고 하나때문에 사던 시절은 지나갔지..... 매장을가도 살만한물건이 없음,@09-lm7yr,2024-10-23T22:15:30Z,0
9,나이키뿐만 아니라 아디다스도 같이 품질상태 최악임 신발이든<br>의류든 한시즌<br>입고 버리는게 많음 <br>최근에산 바지도 2번정도 빨았더니 보플에 다늘어나서 버림 품질개선이 필요해보이긴함,@브허-y1v,2024-10-22T14:17:30Z,0
10,삼나스포츠로 돌아와 ㅋㅋ,@AFSPYBJ,2024-10-21T23:21:12Z,0
11,세력장난질이겠지,@갓세프시대의부활,2024-10-21T15:56:58Z,0
12,무릎꿇기 just do it ㅋㅋㅋ,@아레나아르테미스,2024-10-15T07:25:30Z,0
13,애가 신발살라고 가도 이쁜게 없어서 다른 매장감,@하악하악-j4c,2024-10-14T05:41:33Z,0
14,난지금사야지 그동안 못샀으니깐ㅠ,@일딴꼽아일딴꼽아,2024-10-12T09:57:30Z,0
15,나이키가 디자인 자체는 이쁘긴 한데… 품질이 너무 안 좋아짐 신발도 신발인데 옷감 원단도 쓰레기,@밍밍밍-j2j,2024-10-11T22:59:30Z,0
16,아 어쩐지 신발샀었는데 바금질도 그렇고 마감이 죡같아서 물어보니까 원래그랬데,@ljcpower2,2024-10-11T04:13:34Z,0
17,짝퉁도 판을 쳐요ㅜ,@병맛-i5n,2024-10-11T00:40:54Z,0
18,화승이  만들때가  가장 짱짱..    중국.베트남 생산부터  튼튼함 개나 줘버렸음...,@청보핀토스,2024-10-09T06:09:39Z,0
19,83년도인가 처음 나이키운동화 신었을 때가 기억나네.<br>어릴때라 너무 좋았었는데 학교에서 누가 훔쳐감 ㅜㅜ,@AMG_GLC43,2024-10-06T03:57:43Z,0
20,나이키는 국제상사에서 만들때가 제일편안한 운동화였죠 지금은 비싸고 발이불편해서 안사신어요 스케쳐가 최고 편해요,@SK-ou1bj,2024-10-05T20:02:37Z,0
21,저품질 고비용.  나이키 신발부터 알아봤다,@user-gf6kl2bq2,2024-10-03T05:35:49Z,1
22,요즘  싸구려 티에 로고만 박아서 팔던데 가격은 비싸고 오천원이면 사려고 했는데 예쁘지도 않고 터무니 없어서 그냥 지나가게 됀다,@달과6펜스-k9z,2024-09-30T12:58:26Z,0
23,나이키를 구매층이 이제 연령대가 40~50대로 높아진게 가장 큰 원인이죠<br>지금의 20 30대 구매층들은 다양한 브랜드와 트랜드가 다르기 때문에 나이키는 그냥 한물간 브랜드 일뿐이고<br>중국짝퉁이 너무 시장에 흔하게 저가형으로 풀리면서 말 그대로 개나소나가 된거죠 <br>오히려 짝퉁이 진퉁보다 더좋다는 말까지 나오는 상황..<br>디자인과 소재가 변화는 트랜드 시대를 못딸아가는 것도 한목한다고 보네요 너무 구림...반복되는 디자인으로 컬러로 우려먹음<br>80~90년 세대의 나이키는 고급이미지와 스포츠의류에 대명사였지만 00~10년세대로 접으면서 개나소나 싼마이로 전략함..<br>아디다스와 함께 시대의 끝자락에 와있다고 보면됨.. 그냥 브랜드로 사기보단 아울렛에서 싼마이로 사는 느낌이죠,@shield9952,2024-09-29T20:02:19Z,1
24,아식스 마라톤화 겁나 좋던데 <br>나이키는 10년전에도 그런제품 못만들더만 아직도 못만들겠지?<br>조던의 전성기때 가장 흥했는데 <br>안타깝네,@강태공-l6y,2024-09-29T18:05:32Z,1
25,올림픽이랑 인기랑 뭔상관이여 언제부터 올림픽보고 운동화샀다고,@DWL-jp6jg,2024-09-24T21:50:02Z,0
26,악마의신발,@방가하이,2024-09-23T06:33:50Z,0
27,나이는 키순이 아니에요 그러니 나이키 안대는거임<br>나이랑 키랑 먼 상관이라고 나이는 키순이 아니래<br>그래서 나이스 라고 바꿔야함<br>자꾸 키가지고 난리임<br>나이키 말고 나이스나 나이랑키상관노노해 로 바꾸면됨,@최우민-g3rez,2024-09-21T10:53:02Z,0
28,요즘 스포츠 말고도 잼있는거 많잖아? 결국 스포츠를 통해 젊은이들에게 홍보가 안됨 올림픽이 점점 망해가듯이...,@soonsoo9184,2024-09-19T15:25:02Z,0
29,정신차릴 팩트만 이야기한다<br>1. 디자인 갈수록 아닌거같음.<br>2. 예전엔 남자의 전유물인 스포츠 웨어나 신발들이 언제부터인가 여자들꺼 아이들꺼에만 신제품 출시에 집중함. 판매층 타겟 설정이 맛감. 남자들은 살것이 없음 눈을씻고 찾아보아도<br>3. 디자인 괜찮은건 리셀러들의 먹이감 인식이 너무 강해짐. 실제로도 그럼. 투자성 물건들치고 절대적으로 지속성이 떨어짐.<br>4.가격이 점차 디자인 성장성에 비해 사악해짐 시대역행.<br>5. 서비스 품질이 개선되긴커녕 역행. <br><br>5가지만 봐도 나이키이 미래는 답이 나온다. 정신차리자.,@니알아서뭐하게,2024-09-17T20:26:27Z,0
30,근대 막상 가면 비쌈,@정민-h6v,2024-09-16T09:16:25Z,0
31,해외 가봐라%%~나이키. 개싸다 기가찰만큼 뻠핑시켜서 파는 아름다운 대한민국,@코코심쿵숙희,2024-09-13T12:14:08Z,0
32,디자인이 안이쁨,@강룡-q7j,2024-09-11T15:01:49Z,0
33,나이키가 뭔 죄졌나 왜케 못 까서 난리야 ㅋ 하지만 모르는거 스포츠 브랜드 매출은 나이키가 부동의 1위라는거.. 1위와 2위의 차이가 범접할수없는 엄청난 차이다..,@htony6536,2024-09-09T20:03:57Z,0
34,마크도 식상합니다,@jaegyunlee490,2024-09-09T06:29:29Z,0
35,가격이 비싸,@삼전보다5년앞선HBM기,2024-09-08T05:20:30Z,0
36,소비자나 매장 현실 의견 무시한 결과<br>제품 성능보다 광고에만 투자한 결과,@독사-s6i,2024-09-08T03:12:18Z,0
37,솔직히 나이키만 신었는데 <br>발이 적응되기 전까지 아픔을 감수해야만 했다. <br><br>그러다가 아식스 젤카야노 와 <br>뉴발란스를 접했는데 .?????<br><br>아니 새제품을 신어도 편안하고 아픈게 없었다.<br><br>나이키 빠이를 외치며 이제부턴 <br>편안한것을 찾게된다. <br><br>그리고 품질도 마감도 점점 나빠지는것도 사실.....,@wjhyung81,2024-09-07T18:46:05Z,0
38,결정적 원인은 품질이 너무 떨어진다,@빈센트반고갱,2024-09-07T04:33:39Z,0
39,중국산짝퉁이 너무 많아서 재벌이 신지않은이상 그냥 다 짝퉁으로 보여 ㅋㅋ,@미컬이,2024-09-03T21:02:20Z,0
40,잘만.사더만,@양진호-z3m,2024-09-03T12:02:52Z,0
41,디자인이 전에는 이뻣는데 요즘은 별로,@이신-j8g,2024-09-03T06:15:15Z,0
42,하라는 품질관리는 안하고 pc질이나 하는 브랜드. 쓰잘데기없이 딴짓거리하는 회사가 잘될리가 있나.,@NaMuNelBo_Sloth,2024-09-02T10:00:01Z,0
43,나이키 주식 사야겠다,@이웃집토토로파산-e5x,2024-09-02T06:29:27Z,0
44,조던 형님 불러와,@mk0154,2024-09-01T21:04:51Z,0
45,나이키 수영복 티셔츠 로고가 옷보다 먼저 떨어지거나 갈라지거나 헤짐 디자인이라고 해봐야 로고가  반은 먹고 들어가는게 나이키인데 로고 떨어지면 그냥 짭이랑 뭐가 다름? 차라리 오바로크를 한제품만 내던지 품질수준 이하 ㅠ,@kwpark3208,2024-09-01T15:01:25Z,0
46,공홈에서 샀는데 개짝퉁같아서 환불함ㅡㅡ,@쌀요리,2024-09-01T02:54:54Z,0
47,나이키는 디자이너를 바꿔야함,@アトラス-k1g,2024-09-01T00:55:24Z,0
48,상품재질은 몇회사용하면 아작나고 A/S는 개판이고 홍보마케팅하는 광고모델들은 스폰으로 수차례 새 제품은 교체되는데 일반소비자들은 운동화인데 비싸서 안 쓰고 소장용으로만 쓰는데...그래도 이 정도면 오래가긴했다.90년대 조던이 열일했음.,@이민-j2m,2024-08-31T17:00:27Z,0
49,점점 질이 안 좋아지는 듯,@nojam_2699,2024-08-31T16:20:11Z,0
50,다이키,@마들렌-q9m,2024-08-31T06:42:30Z,0
51,300  이상은 사이즈  구하기 힘듬<br>300 이상 보이면 디자인 안보고 그냥 삼ㅋ,@ask.74,2024-08-29T01:37:22Z,0
52,상품의 질이 낮아,@임채용-j5l,2024-08-28T01:41:25Z,0
53,운동화 뒷금치 쪽 찢어짐 개짜증<br>에어맥스 사고 하루신고 터져 가지고 갔더니 사용자 과실이라고 연락와서<br>버리세요 하고 그이후로 나이키는 쳐다도 안봄 다 자업자득,@하썬-w3i,2024-08-27T10:52:02Z,0
54,요즘 그냥 서민 운동화죠 동네 강아지들도 물고 다닐만큼 흔한 운동화죠,@wodnr24wjs40,2024-08-27T08:43:03Z,0
55,페이퍼맥스 4개월만에 에어터짐 ㅋㅋㅋ<br>좆에어,@주혁-u1e,2024-08-25T16:11:05Z,0
56,요즘나이스 짭퉁이판친다아냐 진품가품구별이안되는듯. 본드옆구리나와잇고,@순이둥이,2024-08-25T00:13:16Z,0
57,나이키 짝퉁 너무많아..미국애서 생산한 제품만 나이키여야함,@이엘리-q8c,2024-08-24T17:01:20Z,0
58,아울렛 나이키 매장엔 사람들 바글바글함,@bomiabba,2024-08-24T06:21:52Z,0
59,뭐든 고이면 썩는듯. 영원한건 없구나,@이크릉-u7v,2024-08-23T20:03:06Z,0
60,신발계의 보잉인듯,@kimsk9306,2024-08-23T14:39:48Z,0
61,저조한 품질에 가격도 비싸고  누가사냐,@불꽃성냥,2024-08-19T04:16:16Z,0
62,나이키 다시 뜨면 아이고 나이키 그럴줄 알았어...<br>철새들은 나이키를 입고 신을 자격 들이읎다,@soulsoulsoul3339,2024-08-18T13:50:27Z,0
63,입을만한게 없어,@상일마-w5u,2024-08-18T10:20:06Z,0
64,나이키는 한정판 <br>팔아먹기로 특정고객만 노렷다<br>결국 편한신발 기능성 찾아서 <br>다떠남,@MrHj1210r,2024-08-17T16:54:22Z,0
65,"면티  한장에 5만원 인데...  한 두번 입으면 후줄근 해져서 돈아깝다는 생각들고, 좀 인기있는 신발은 할인제외 시켜서  세일도 안함.😢😢😢<br>변하지 않으면 나이키는 계속추락😢",@쫑스-u8w,2024-08-17T14:57:40Z,0
66,그럼 요즘 뭐 신어요? 궁금해서 물어봄,@Byul_E715,2024-08-13T16:27:16Z,2
67,조던때  끝난거임...,@붕산일보,2024-08-13T04:52:20Z,1
68,운빨로 조던이랑 계약해서 대박친거지<br>이제 바닥으로 떨어질때 됬지,@의랑-c2z,2024-08-12T17:47:09Z,1
69,너무비쌈,@프리건축가,2024-08-12T14:40:06Z,0
70,나이키 품질이 너무 안좋음....  예전에 나이키가 아님..,@만두떡-h6h,2024-08-12T12:17:23Z,1
71,그냥 팩토리아울렛에서 적당한거 사는게 나음,@뷰티보틀,2024-08-12T10:58:57Z,0
72,몇년을 신어도 멀쩡한데 뭐 어떻게 신으시는거지 운동용으로 신고 떨어진다고 하는건 아니겠지,@zone-o2q,2024-08-12T07:08:01Z,1
73,돈잘벌더니 풀질개판,@꿈꾸는못난이,2024-08-12T04:29:12Z,1
74,나이키 신발 저렴해서 샀었는데 발이 불편해서 이제 안 살듯 마침 브랜드 가치까지 떨어지니..,@honestegrity,2024-08-11T15:55:44Z,1
75,옷품질 최악이긴해 세탁한두번하면 다 늘어짐,@pizz807,2024-08-11T08:02:14Z,1
76,나이키 광고보면 망하자는건지 싶었음 p.c를 스포츠용품에 들이댄 값 치르는중,@땡컨이-y7q,2024-08-11T01:27:18Z,1
77,이제 뉴발.  아식스 신발이 대세지..,@광주인테리어202디자인,2024-08-10T09:26:12Z,0
78,디자인도 개똥이지  가격은 더럽게 쳐올리고 누가 사냐,@b.r.g7070,2024-08-08T06:56:45Z,1
79,사도 인터넷에서 사지ㅋㅋ 매장에서 마진 겁나 높게 파는거 사고싶지가 않음,@mjseo7005,2024-08-07T21:47:21Z,0
80,동남 아시아 에서 생산 그냥 로고만 갔다가 붙임 ㆍ 거리 나가면 흔한 중저가신발,@봄가을-p1e,2024-08-07T13:25:15Z,1
81,니네들 품질 개처럼 만들어서 시장에서 외면받는게 당연한거아니냐? 예전엔 니네꺼 비싸도 그만큼 질기고 값을한다는 인식이있었는데 지금은 무슨 중짝 베짝 이랑 다른것도없으면서 돈은 더받아쳐먹을려고만하고 그러니까 외면당하지 ㅉㅉ 잘가라 두잇 아,@또복-c9h,2024-08-07T06:30:40Z,0
82,왠지 브랜드이름도 이제는 촌스럽게느껴짐,@김상훈-m2x,2024-08-06T19:52:08Z,0
83,디자인 구리고 비싸고 질도 별로다 끝..,@제이제이-d5e,2024-08-06T18:53:46Z,0
84,전 개안적으로 프로 스펙스가 제일 좋던데요. 아니간요.저만그런가요,@서울남산타워-x8s,2024-08-05T12:20:22Z,2
85,네,@newsum6627,2024-09-03T04:18:11Z,0
86,염병하노 니들이 더 걱정된다  윤따까리로  변신한 케비씨 뉴스 처다도 안봄,@user-vs2vu1it8n,2024-08-05T07:07:11Z,0
87,"디자인은 둘째치고 , 컬러 부터가 꾸리해 !🤭🤭",@__-nf9tm,2024-08-05T03:44:14Z,3
88,어릴때부터 느꼈는데 아시아인 발에는 아식스나 프로스펙스가 솔직히 니케보다 편함,@둘기콘-t4w,2024-08-04T17:18:44Z,0
89,나이키닷컴 제품 대부분 이미지랑 실착이랑 퀄리티 차이 개심함  제품퀄을 올리던가 사진 과장을 하지말아야함,@diegokim8269,2024-08-04T14:10:30Z,1
90,그들이 멈춘 동안 다른 곳들이 많이 따라 잡았지<br>그들이 굴삭기 시켜 이상한 곳 파는 동안 다른 곳은 구슬 땀 흘려가며 제 자리 파 내려갔지.,@아불라카카불라,2024-08-04T11:07:41Z,0
91,품질이 개판.,@그날이오면-u8h,2024-08-04T03:36:14Z,0
92,홍콩에서 들어오는 짝퉁을 제대로 단속 안하더니...개망하는구나,@ksi2123,2024-08-03T15:38:19Z,0
93,뭐 그러긴한데 주말 알렛가면  대기 20~30분 하는곳은 나이키뿐이던데 ㅋㅋㅋㅋ,@satellite4968,2024-08-02T22:28:19Z,0
94,재택근무해서그래요 혁신부족,@수달이-f2d,2024-08-02T09:17:45Z,0
95,솔직히 패션으로는 모르겠는데 입고 신고 운동해보면 나이키보다 아디다스가 훨씬 좋음 나이키 품질이 너무 떨어진다.,@beckhamd8263,2024-08-02T02:59:14Z,1
96,디자인이 너무 안이쁨!! 아시아 체형에도 맞게 잘 안나오고,@분홍감자-f4f,2024-08-01T08:08:09Z,0
97,그나마 신발은 났지… 의류는 색빠짐이 너무 심해서 싼 물건이나 다를바가 없음…,@아브라카타브라-k8y,2024-07-31T21:34:52Z,0
98,어쩐지.. 몇년 전보다 품질과 디자인이 안좋아졌다고 생각한건 내 개인 생각이 아니었고만.,@ung64,2024-07-31T18:55:47Z,0
99,나이키뿐만이아닌것같음ᆢ요즘백화점물건 거의다가   시장물건같음ᆢ 마감처리,@김다온-z5w,2024-07-31T14:21:45Z,0
100,어차피 같은 동남아공장에서 만듦,@둘기콘-t4w,2024-08-04T17:19:54Z,0
101,나이키나 아디다스나 종합스포츠웨어 였는데 이제는 각종 스포츠나 운동 전문 브랜드들이 치고 올라오면서 외면 받는듯,@우명호-v1m,2024-07-31T08:24:17Z,3
102,재질이 빡,@김선생-j4s,2024-07-31T06:52:23Z,0
103,나이키가 혁신의 대명사이긴 하다. 최고액의 브랜드가 최저의 퀄리티를 보여주니. 이미 이름빨 뿐. 백화점에서 신발 샀는데 얼마 안 신고 바닥 느낌이 이상해 깔창 들춰봤더니 미드솔에 큼지막하게 구멍이 나 있는 걸 다른 소재로 때웠더라. 그러니까 제조 과정에서 문제 생겨도 알 수 없는 시스템. 나이키가 잔인하리만큼 영세 하청 공장 단가를 후려친다는 얘기. 그러니까 재료에 문제가 생겨도 버리지 않고 눈속임으로 때워서 넘기는 상황이 벌어지는 것.,@leem.j.2544,2024-07-31T02:44:58Z,0
104,안그래도 나이키는 아동노동착취의 대명사로 유명하다. 저개발 국가 노동자 가족의 피눈물을 짜내 거대한 부를 축적해온 회사로 유명하다. 나이키는 생산품만 후져빠진 게 아니라 인간 보편 윤리에서도 철저하게 함량 미달인 반인륜적이고 반환경적인 회사인 것이다.,@leem.j.2544,2024-07-31T02:51:16Z,0
105,동양인 최적화 아식스가 최고다.... 일본이 진짜 물건 잘만듦,@보헤미안랩소디-t7w,2024-07-30T18:46:34Z,1
106,나이키만 15년넘게 신다가 석달전부터 스케쳐스 울트라고  신는데 가볍고 품질좋고 발편하고<br>이제 나이키 못돌아가겠더라<br><br>스케쳐스에겐 이제 확실히 밀림,@ckkim820,2024-07-30T13:58:09Z,0
107,신발은 모르겠는데<br>옷들은 티한장도 쓸때없이 비싸드라,@whiteyj0613,2024-07-30T13:46:47Z,0
108,오 두목님 전신은 처음봐요! 180은 되실거같아요!,@Bleedk10,2023-06-26T11:49:14Z,0
109,진짜 냉장고 여러브랜드 찾아봤는데 비스포크 배껴논거 개많더라 ㅋㅋㅋ 근데 퀄리티는 떨어지고,@칼로리낮고맛있는음식,2023-03-03T23:33:49Z,0
110,플스5 구매 성공하셨네요 축하해요,@Poin7less,2023-01-08T14:00:51Z,0
111,리모컨 삐뚤게 붙어서 저같은 편집증 환자는 사용불가;,@todong1004,2022-12-06T12:37:57Z,0
112,ㅋㅋㅋ 진짜 공감 ㅋ 폰😘업 😀에서 나두 최저가로 바꿈.. 최신폰 바꾸러 요즘 누가 매장가여ㅠ 더워죽겠는데,@emrekbk2783,2022-08-23T01:33:22Z,0
113,"저두 폰💋  업  🤦 여기 알고나서 아이폰 완전 싸게바꿨어요.. 플래2스토어에 올라와있던뎅,,",@asdqw7505,2022-08-23T01:33:10Z,0
114,그냥 사람들이 폰✔업 많이 쓰구나 싶었는데 막상 휴대폰 바꾸려고 가격비교 받았더니 폰✔업에서 바꾸는이유가 있구나....,@danishzehaenarmy4071,2022-07-04T02:02:25Z,0
115,어후 이분 영상 처음보는데<br>공기청정기 리뷰 좀 보고 싶은데<br>왜이리 혼자 신나서 시끄러운 건지…<br>꼬으면 보지 않으려했는데<br>왜 추천으로 떠서…<br>관심없음 박고갑니다,@이상한-w3l,2022-05-08T17:22:06Z,0
116,업그레이드도  가능,@김지연-g9d,2022-04-29T11:27:17Z,0
117,"건강의 근본은 공기입니다. 맑은 공기환경을 만드세요. <br>집안 벽체 구멍과 미세틈에서 방출되는 시멘트라돈가스와 화학재질이나 소재에서 방출되는 화학가스를 차단 하십시오.  사람들 난치병은  혈액이 오염되고 병들고 독성화되면서 단백질세포신경이 손상되면서  발생됩니다. <br><br>벽체 콘센트구멍,tv,전화기단자 미세틈 ,인터폰배선구멍 전등스위치 버튼 미세틈, 두꺼비집커버틈, 벽체스피커,에어컨 배관구멍, 들뜬벽지,노출된 시멘트벽,금이간 벽체틈,  화분흙과 마사토 등등..   천장전기배선 구멍에서 라돈이 가장 많이 방출됩니다. <br><br>생각보다 집안 벽체에 구멍이 많고 시멘트 라돈가스가 실내로 많이 방출됩니다. <br><br>실리콘이나.. 비닐,순간접착제 등으로  막아서 방출을 줄이시면 집안공기가  훨 좋아지고 숨쉬는게 편해지고 숙면을 취하실수 있습니다.",@air5210,2022-04-15T03:41:24Z,1
118,"<a href=""https://www.youtube.com/watch?v=sWC-pp6CXpA&amp;t=55"">0:55</a> 개 혜잔데?",@junsub03,2022-03-09T11:39:40Z,0
119,아재개그 리뷰인가요?? ㅋㅋ,@hitachi5344,2022-02-27T07:40:05Z,1
120,시덥지 않은 농담은 안하는 걸로 했으면 하는 강력한 진심이 있어요.,@성훈김-w5i,2022-02-26T18:50:11Z,0
121,삼성 사지 말고 LG로 사 세요,@user-wo5wu6gp8b,2022-02-26T07:14:30Z,0
122,저기에 블루투스 스피커 내장되어있으면 가성비!!!,@닥터킬러,2022-02-18T11:31:02Z,0
123,척척렌탈에서 LG제품 최대 혜택으로 안내드리고 있습니다.,@holy1moly9,2022-02-16T02:15:35Z,0
124,저걸 진짜 배송지연으로 줬다고 믿는사람들이 많다는게 충격이다. 유튜버라서 배송지연 명분으로 준거지... 그냥 상식적으로 생각하면 바로 알텐데...,@동전치료,2022-02-14T10:57:17Z,0
125,제대로 안 알아보고 설명하고 어설픈거 좀 불편하네요.. 쓸데없는 말이 너무 많던데 아시죠?,@e찬,2022-02-12T11:27:28Z,0
126,에어컨 물 떨어지는데....,@user-wo5wu6gp8b,2022-02-09T11:22:29Z,0
127,ㅋㅋㅋ LG인데 롯데타워 같이 생겼네요 진짜ㅜ 비유를 재밌게 참 잘하시니까 뭘 리뷰하시든 재밌네요🤭🎶🎶,@레트로메다-뮤직숏,2022-02-06T11:36:15Z,0
128,절대 구독자 60만이 넘을 리뷰 퀄리티가 아닌데 돈주고 구독자 샀나??,@스텍히K,2022-01-30T11:19:31Z,1
129,사용 설명서를 보지도 않고 필터통을 찾다니..ㅠ<br>다음부터 사용설명서 숙지하고 설명하세요..성격이 급한지 웓.ㅜ,@최진호-j8v,2022-01-29T15:26:22Z,1
130,롯데월드타워 실화냐 ㅋㅋㅋ,@pnth240,2022-01-26T14:49:05Z,0
131,아  짜증나  좀 공부 좀  하고  얘길 하던지,@동훈이-d5r,2022-01-25T10:20:11Z,1
132,너무 준비없이 리뷰하는 듯 한 느낌이 듭니다. 이 제품이 궁금한 사람이 기본적으로 알만한 내용은 숙지된 상태였다면 더 좋은 리뷰가 되었을 듯 하네요.,@loflight75,2022-01-25T06:06:05Z,1
133,졸라 기괴하게 생겼네,@ko9005,2022-01-23T11:57:16Z,0
134,무슨 설명서도 안읽고 리뷰하는건 좀.. 그렇네요,@머시깽이-l2y,2022-01-22T04:25:58Z,0
135,지연이라고 준건 참 ㅋㅋㅋ,@skyclan,2022-01-21T01:56:40Z,0
136,이게 그 조회수 안나온다는 가전 관련 영상이군요..!,@musitkim2506,2022-01-21T01:02:36Z,0
137,롯데 타워와 맥세이프.ㅋㅋ,@사수자리-z7r,2022-01-18T12:08:09Z,0
138,중국산 공기청정기 플래쉬 스피드 에어 5 공기청정기는 못구하는데 이건 널널하군요.   국산브랜드가 크기도 훨씬 크니 가성비가 좋아보이네요.,@mfd9391,2022-01-18T11:39:57Z,0
139,영상 광고중에 카메라 브라켓 관련 광고 링크좀 부탁드립니다 찾기가 힘드네요,@바람돌이현,2022-01-17T13:12:44Z,0
140,저도 똑같은 생각했는데 ㅋㅋㅋ LG 디자이너가 롯데타워 보고 영감받아서 디자인했냐곸 ㅋㅋㅋ,@kooloud,2022-01-16T17:02:21Z,2
141,1+1행사 뭔데 ㅋㅋ,@gaejuk-e,2022-01-16T14:11:18Z,0
142,Lg퓨리타워 씽큐,@WOOJU.ju_1,2022-01-15T17:56:00Z,0
143,와 지금도 1+1 하나요..?,@DONGGREEG,2022-01-15T09:01:48Z,0
144,카펫위에 신발...저런공간이겠지만 계속 눈이가네요ㅋㅋ,@delpi.,2022-01-15T08:48:16Z,0
145,LG 퓨리케어 롯데월드타워 시그니엘 오브제 컬렉션,@4527PENK,2022-01-15T08:44:49Z,0
146,집에 잠실 롯데월드 타워 하나 냅두는데 90만원이면 싼거지 ㄹㅇㅋㅋ,@4527PENK,2022-01-15T08:44:21Z,0
147,몬가 협찬인줄 알았는데 내돈내산이였네<br>두목님 백색가전 욕심도 있을줄이야 ㅋㅋㅋ,@윤바제,2022-01-15T07:57:24Z,0
148,LG하고 원한이 있으신것도 아니고.. 말 같지도 않은 비유를.. 말이라고 떠드는 인간들이 많네...<br>저게 가격거품이 심하다는 둥.. 남겨 먹는 게 많아서 주는 것도 당연하다는 둥... <br>그렇게 따지면 안 비싼 제품이 어디있어요? 삼성 85인치 티비 UHD가 2백만원대 입니다.. 그 티비 다 뜯어서 부품 원가 따지면 얼마나 할까요? <br>LG에서 오브제컬렉션이면 자기들이 고급브랜드 이미지로 밀고 있는 라인업인데도.. 사은품으로 제공 한 건데.. 뭐 이리 거지근성들이 많은지...<br>예전에 아이폰이 원가로 따지면 얼마 안하는데 비싸게 팔아 먹는다고 했던 인간들이 아직도 안 죽고 살아있다는 게 참 신기하네요,@k10401004ify,2022-01-15T07:46:43Z,0
149,가은데 비어있어서 그런가 독립기념관 탑 생각남,@hehihihit,2022-01-15T06:01:47Z,0
150,ㅋㅋㅋㅋㅋㅋㅋㅋㅋㅋㅋㅋㅋㅋㅋㅋㅋㅋㅋㅋㅋㅋㅋㅋㅋㅋㅋ,@하루종일배고파-m6b,2022-01-15T04:51:14Z,0
151,남자 아니랄까 봐 웰케 신이 나있음???.. 저 세상 텐션이네~~ㅋㅋㅋㅋㅋ,@Gwang_ya,2022-01-15T04:23:52Z,0
152,롯데타워아니죠! 사우론타워? 맞습니다!,@jihokim7010,2022-01-15T01:45:49Z,0
153,노잼,@박찬하-n8u,2022-01-15T01:35:09Z,0
154,lg 시그니엘인가ㅋㅋㅋ,@SIGNIEL,2022-01-14T21:48:15Z,0
155,"롯데타워 에디션이나 WTC타워, 빅벤 에디션 해서 led 웰컴싸인 차르르 들어가고 하면 예쁘겠네요. 간접조명으로 쓸수도 있구요.",@chaos0768,2022-01-14T19:02:23Z,3
156,저 제품 무게감이 쫌 있나여? 실수로라도 한번 툭 치면 금방 옆으로 넘어길거 같은 얆은 사이즈라 무게라도 좀 나가야 금방 안쓰러질거 같은데요,@신정호-g1v,2022-01-14T17:41:09Z,1
157,두목님 하반신은 귀하군요,@bigchickenmayo,2022-01-14T16:23:01Z,1
158,어디서 사셨나요? 저도 비매품 하나 더 받고싶습니다 ㅎㅎ,@riger6575,2022-01-14T16:11:47Z,0
159,ㅋㅋㅋㅋㅋ 와 통크다... ㅋㅋㅋㅋ 아... 이런걸 했을때 말이 퍼져야하는데 전 고풍스러운 디자인이 좋은데 마케팅팀이 볼지~,@hey__you,2022-01-14T14:55:32Z,0
160,지금도 사면 2대 주나요?ㅜㅜ 가성비 지리네,@이정훈-k6l4q,2022-01-14T11:59:06Z,2
161,유튜버라서 준거지 줄리가 있을까요?,@동전치료,2022-02-14T10:52:22Z,0
162,두목님 실내에서 운동화 ㅠㅠㅜ,@치킨-t3k,2022-01-14T03:46:55Z,0
163,왜 제목 바뀜? 원쁠원 얘기 없어졋네,@kkk18k,2022-01-13T12:10:06Z,0
164,5.6평형 공기청정기가 100만원;; 삼성 큐브 32평형도 다나와가 70만원이면 사는데 저건 너무 뇌절이네요,@불고기피자-q8e,2022-01-13T11:19:24Z,2
165,필터크기 실화냐? 위닉스형님 신참 좀 보십쇼,@말많은사람1,2022-01-13T10:16:17Z,0
166,lg가 사우론의 탑을 만들었네,@hyunlee4735,2022-01-13T10:09:13Z,0
167,?,@user-wu1cx8eg4l,2022-01-13T09:31:50Z,0
168,오 다른 거 보다 . 전원 켰을 때 &#39;사랑해요~&#39; 이거 너무 좋네요.,@rutuinify,2022-01-13T08:33:07Z,2
169,약 100만 원 짜리를 배송지연으로 1+1 준다니… 역시 가전은 엘지다… 가슴이 웅장해진다,@고니_TV,2022-01-13T07:47:00Z,90
170,근데 커버되는 평수는 넘 아쉽다..,@VeniceE04,2022-01-13T07:25:22Z,2
171,이야 롯데타워 예쁘다.,@VeniceE04,2022-01-13T07:24:03Z,0
172,그래도 원효대사 2년동안 한 사람도 있던데 두목님은 5분만에 아셔서 다행입니다<br>근데 세상 이런 통 큰 회사가 있나,@kiyanseru,2022-01-13T07:00:14Z,1
173,"대장님 영상 보고 링크를 통해서 구매했는데, 저도 지연되서 하나 더 받았으면 좋겠습니다. 제발 제발~~~",@kingleejj,2022-01-13T05:26:58Z,1
174,살려다가 공기청정 능력이 너무 쓰레기라;;;; 딱 봐도 거실에 놔야할 디자인인데.... 저 성능의 공기 청정능력이 실화인가요,@11sdsdsd,2022-01-13T04:23:15Z,1
175,지금은 끝난건가요?ㅋㅋ,@20000cheol,2022-01-13T03:53:45Z,0
176,"구매링크 들어갔더니, 품절이네요.<br>품절 풀리면 1+1 가능한가요?",@칼새최영룡,2022-01-13T02:31:04Z,0
177,기능 보고싶었던건데..케이지님이 올려주셨네요.역쉬~! 근데 공기청정기만 되는데  넘비쌈..,@cloud-kr,2022-01-13T01:53:01Z,0
178,지금 사도 원플러스 원 해주나요?,@잼니-u5x,2022-01-13T01:51:02Z,0
179,저 얼굴 로고 빼고 그냥 엘지 오브제 정도만 적었다면 더 이름값 했을텐데..<br>그리고 솔직히 선풍기처럼 팬 하나 달린 건데 100만원은 사기지 ㅋㅋㅋ,@hw2946,2022-01-13T01:46:16Z,0
180,나도 그생각 했는데 ㅋㅋ,@잼니-u5x,2022-01-13T01:41:22Z,0
181,원효대장님 ㅋㅋㅋㅋㅋ,@DynamicF0X,2022-01-13T01:25:08Z,0
182,생각보다 대장님이 마르고 덩치가 작아서 놀랬고<br>수염이 원효대사처럼 길러서 두번 놀랬구<br>설명서는 왜 안읽으세요!!,@wjdgus9011,2022-01-13T01:20:29Z,0
183,"저는 방마다 다이슨 hp04를 사용중인데, 이정도 사이즈와 스펙에 50만원대의 저렴한(?) 가격까지...미국수출이 시급합니다. 사족으로 다이슨은 먼지와 이산화황은 잘 잡아주지만 odor는 캐치가 안되더군요.",@woonahk,2022-01-13T01:04:34Z,4
184,이거 이미 미국 베스트바이랑 코슷코에 나와있음요. 송풍기능만 있는거 400불대임,@yrzayrza,2022-06-18T21:40:52Z,0
185,이거 코슷코 백불 세일해서 399 엿을때 사서 한국 보낼려고했는데 놓쳣.. 인디펜던스데이를 노리는즁입니다,@yrzayrza,2022-06-18T21:41:58Z,0
186,아니 두목님 진짜 폰 이거쓰냐고요 ㅋㅋㅋㅋㅋㅋ,@nusamyeo,2022-01-13T00:59:15Z,1
187,아~~~~~~~~~~~~~오브제 디자인 좋았는데~~~~~~~~~~~~~~~~~ 왜 싸우론타워로 변한거야~~~~~~~~~~,@hong_honghonghonghonghong,2022-01-12T23:58:36Z,0
188,와 진짜 개그 치는거 보면 진짜 아재다,@유레고-k5x,2022-01-12T22:23:54Z,0
189,서서 리뷰하니깐 더 귀여우심,@jun11320,2022-01-12T21:19:53Z,0
190,"뭔 공기 청정기 광고를,.... 😡",@kokomo99160,2022-01-12T20:48:36Z,0
191,하나 가지래 ㅋㅋㅋㅋㅋㅋ,@Eun_oh,2022-01-12T20:21:09Z,0
192,처음 파란색 스티커는 고가제품이라는 뜻의 스티커 입니다 cj대한통운에서 따로 별도로 관리하는 상품이라는 뜻이죠,@heroes_,2022-01-12T18:57:01Z,2
193,형 돈 많이 벌었구나...이제 이런거도 사고..! 근데 얼굴 보일뻔 했어 가려줘..소중하잖아 형은,@_coco__,2022-01-12T18:44:40Z,0
194,절대 형 얼굴 보기 싫어서 그러는 거 아니야 알지 형? 새해 복 많이 받어,@_coco__,2022-01-12T18:45:01Z,0
195,이게 어그로가 아니라고???,@42_cloud,2022-01-12T18:19:37Z,0
196,필터 비닐 제거 안 한 모습에서 사알짝 부울편...읍읍<br>그나저나 온풍 모델은 온풍기능 쓰고 소비 전력이 얼마인지 궁금하군요.<br>여튼 지연으로 하나 더 준 거는... 킹정!,@kss___,2022-01-12T18:17:08Z,3
197,"<a href=""https://www.youtube.com/watch?v=sWC-pp6CXpA&amp;t=491"">8:11</a> LOL 베인이 아니라 다른 베인이 나오는 연륜이 느껴지네요",@handler12345,2022-01-12T17:45:55Z,0
198,쿠팡 링크로 주문하면 1+1인가요?,@secretgardensr,2022-01-12T17:31:32Z,0
199,ㅈㄴ 부럽다…,@lecwin1,2022-01-12T17:19:07Z,0
200,롯데월드타워 ㅋㅋㅋ 나만 그리 생각한게 아니였네,@bino4271,2022-01-12T16:47:50Z,0
201,다이슨 핫앤쿨이네,@오서준-k7c,2022-01-12T16:28:15Z,0
202,결론 : F717은 바보다?,@김뷰태시기,2022-01-12T16:25:44Z,0
203,와 근데 진짜 이쁘긴하네ㅋㅋ,@점점-h4o,2022-01-12T16:18:35Z,0
204,식세기 고장원인 모른다고 새걸로 배송해주더군요 ㅋㅋㅋ,@오늘한잔어때,2022-01-12T16:05:58Z,0
205,나도 광고 보자마자 롯데타워 생각했는데 나만 그런게 아니구나 ㅋㅋㅋ,@ate29,2022-01-12T16:04:19Z,0
206,아니 lg는 왜 이렇게 브랜드 나열 매니아임ㅋㅋㅋㅋ 청소기 광고 말미에 “lg코드제로 A9S 씽큐 오브제컬렉션” 듣고 기겁했는데 얘는 그래도 씽큐는 빠졌네요ㅎㅎ,@user_2046,2022-01-12T15:50:21Z,20
207,공청기 필터 비닐안뜯고 쓰는사람 전설의 짤로만 봤는데 그런사람이 또 있었네🤣🤣🤣,@Unknown_BlackHole,2022-01-12T15:49:50Z,1
208,삼성이었으면 지연이어도 최대 그 20만원짜리 휴대용 퓨리케어 미니 공기청정기나 하나 띡 던져줄거같네요 ㅋㅋㅋ,@스노우레오파드사토루,2022-01-12T15:47:27Z,0
209,기계랑 눈치싸움 ㅋㅋㅋㅋ,@kangadam1121,2022-01-12T15:38:27Z,0
210,1+1 이면 살만한데요.<br>인테리어용으로.,@dkl3747,2022-01-12T15:38:11Z,0
211,이제 ps5 사서 공기청정기로 속이는 것이 가능해졌다,@김태현-q3g9n,2022-01-12T15:37:03Z,1
212,이것은 삼성과 엘지가 한국인에게 돈띁어낸다는 그 공청입니까??,@rein8510,2022-01-12T15:36:16Z,0
213,ㅋㅋㅋㅋㅋ 아니 썸네일 너무 자연스러웠어,@kkukkukkukku,2022-01-12T15:31:41Z,0
214,그냥 50만원깍아주는것도 나쁘지않을거같은뎈ㅋㅋㅋ,@빅그네,2022-01-12T15:28:48Z,0
215,집안에서 신발신고 계시니 겁나 킹받습니다,@ZunkyLee,2022-01-12T15:22:54Z,2
216,??? 지연된다고 하날 던져준다고? 이게... 대기업...?,@캐루룽,2022-01-12T15:21:34Z,0
217,대충 두달지나면 60정도에 비매품 당근에 올라올라올거같은데...?,@한재훈-x3f,2022-01-12T15:19:14Z,0
218,오늘의 교훈: 메뉴얼을 잘 읽자,@ChloeAriko,2022-01-12T15:15:53Z,2
219,"<a href=""https://www.youtube.com/watch?v=sWC-pp6CXpA&amp;t=246"">4:06</a> 이거 옆채널 누구같은데...ㅋㅋㅋ",@kimfereal,2022-01-12T15:02:10Z,0
220,디스플레이가 베인 있는곳 최상단에 고정형 투명패널 하나 만들어서  거기에 나왔으면 좋았을듯,@king15y,2022-01-12T15:01:22Z,1
221,두목님 저는 엘지꺼는 아니고 다이슨 퓨어 사용하는데 상시 모니터링을 켜면 약하긴 해도 청정기가 계속 돌아가서 소음때문에 못켜놓겠더라구요.. 혹시 저 모델은 상시 모니터링 켜고 전원끄면 소음이 없나요?,@purple5870,2022-01-12T15:00:58Z,0
222,와! 제2의 롯데월드,@kmincho02,2022-01-12T14:55:00Z,0
223,지금사도 1+1인가요 ㅋㅋㅋㅋㅋ,@이름뭐하지-i2f,2022-01-12T14:52:13Z,0
224,"ㅇㅗㅏ 역시,,,, 엘지,,,, 근데 전 온풍기는 삿는데 일반형 안줫는데 역시….. 유튜버라고 차별,,,,",@호로로-b5g,2022-01-12T14:40:05Z,0
225,오묘한 디자인....,@dr0p_database,2022-01-12T14:28:13Z,0
226,공기청정되는 100만원 롯데타워 미니어처!!,@unxwanx.217,2022-01-12T14:27:23Z,1
227,1+1행사여서 가성비 지리네요 ㅋㅋㅋ,@joonkim1932,2022-01-12T14:20:22Z,12
228,"<a href=""https://www.youtube.com/watch?v=sWC-pp6CXpA&amp;t=415"">6:55</a> 하아앍!",@sou-q6f,2022-01-12T14:18:31Z,1
229,엘지가 서서히 망하는 이유,@최인성-l8s,2022-01-12T14:14:38Z,1
230,엘지안망하고있는데.....역대최대매출아닌가요 ㅋㅋ,@danyan968,2022-01-12T14:47:39Z,0
231,@@danyan968 드립..,@최인성-l8s,2022-01-12T14:57:35Z,1
232,다 좋은데...5평이요...?<br>저 크기와 가격에 고작 5평...?;,@mi_gom,2022-01-12T14:12:21Z,0
233,"<a href=""https://www.youtube.com/watch?v=sWC-pp6CXpA&amp;t=416"">6:56</a> 이건 발암물질 ㅇㅅㅇ",@Nimishang,2022-01-12T14:10:57Z,0
234,진짜 롯데타워 꼭대기랑 똑같이 생겻네 ㅋㅋㅋㅋㅋ,@JforAll00,2022-01-12T14:05:27Z,0
235,와... 대기업인데 이렇게 통이 크면...,@Jinihyun,2022-01-12T14:00:17Z,11
236,오픈케이스 보면서 훈수두고싶은적은 첨이네 ㅋㅋㅋ,@최강일-s4m,2022-01-12T13:53:37Z,1
237,역시 가전은 엘지,@hms9666,2022-01-12T13:49:53Z,1
238,형님.. 공감을 원하시면 그 베인 말고 LOL 베인을 가져오셨어야..,@누리누리-r9j,2022-01-12T13:49:29Z,0
239,"리모컨 그냥 가랑이 사이에 두면 안되나 ㅡ.,ㅡ...",@mekopark3201,2022-01-12T13:46:42Z,0
240,가성비라고...봐야되겠죠?,@의사양반-b4t,2022-01-12T13:43:09Z,0
241,역시 가전은 엘지인가.... 근데  저 띵큐 리모콘용으로 사용된  폰은 뭔가유?,@솔-p5y,2022-01-12T13:43:07Z,1
242,리모콘이 크롬캐스트4세대랑 비슷하넹,@starbucks1971,2022-01-12T13:40:25Z,0
243,이런 큼지막한 친구들 리뷰 좋네요. <br>마음에 들어요.,@cucumber_Duck,2022-01-12T13:38:43Z,1
244,1+1으로 집에 두개 나란히 설치하면 웅장할듯,@passingrebar,2022-01-12T13:36:43Z,0
245,나중에 냉방도 들어갔으면 구매각이겠네요 ㅋ,@kingyou86,2022-01-12T13:34:19Z,0
246,좋은 장난감이 새로 나왔네요 +_+<br>&quot;여보 새로운 장난감이 나왔어 사줘&quot;,@mistein_,2022-01-12T13:29:38Z,0
247,어그로 아닙니까 ㅎㅎ,@MrYooch,2022-01-12T13:19:10Z,0
248,진짜 1+1 무엇 ㅋㅋㅋㅋㅋ,@HDoc02,2022-01-12T13:16:10Z,0
249,"<a href=""https://www.youtube.com/watch?v=sWC-pp6CXpA&amp;t=495"">8:15</a> 난 여기서 롤베인을 떠올렸...",@sellsoa1205,2022-01-12T13:15:44Z,0
250,생산 지연된다고 하위모델 공짜로 주는 회사 LG,@Korando_kr10,2022-01-12T13:13:36Z,0
251,그저...갓지.....와..99만원짜릴 덤으로 주네..<br>참나 ㅋㅋㅋ,@apple2907,2022-01-12T13:06:22Z,3
252,노빠꾸 상남자 그 자체인 회사..<br>그래.. 휴대폰 좀 못팔면 어때 뭐..,@LeeRB_22,2022-01-12T13:05:39Z,0
253,롯데월드 타워 ㅋㅋㅋ 풉,@metrocyberneoncityneoncity3128,2022-01-12T13:01:43Z,0
254,이거 이벤트 끝남?!!??!,@젊은게좋다,2022-01-12T13:00:09Z,0
255,와 지연이라고 하나 더 준다니... 이건 구매각 아닙니까,@기무타쿵,2022-01-12T12:51:42Z,73
256,요즘은 롯데월드타워도 1+1인가보네요,@이재웅-j6t,2022-01-12T12:51:36Z,0
257,와… 통크다.. 그런데 저렇게 퍼준다는 의미는 원가 자체가 얼마 안 된다는 거…,@애플개발자_태우,2022-01-12T12:46:33Z,1
258,무슨의미인가요.. 그냥 유튜버니까 신제품 나왔으니 광고효과 기대하고 준거죠,@동전치료,2022-02-14T09:28:42Z,0
259,@@동전치료 다 줬다 하지 않았나요? 모든 고객에게,@애플개발자_태우,2022-02-14T09:40:49Z,0
260,LG 퓨리케어 에어로타워 오브제 롯데타워 컬렉션<br>(LG PuriCare AeroTower Objet LOTTETOWER Collection),@C.O.M.,2022-01-12T12:44:43Z,1
261,와.. 1+1으로 제공해주다니!!,@Shineyongs.,2022-01-12T12:43:51Z,27
262,아...키로형 집안에서 신발신고있는거 신경쓰여,@보물고블린-y3v,2022-01-12T12:41:57Z,0
263,공기청정기들  너무비싼듯 .  <br> 팬  + 필터 +uv  .....100만원,@yamae_J,2022-01-12T12:40:12Z,0
264,와 ㅋㅋㅋㅋㅋ,@포도맛아이스-y6u,2022-01-12T12:34:15Z,0
265,롯데타워 꼭대기ㅋㅋㅋ,@molumolu0325,2022-01-12T12:33:04Z,0
266,64만 유튜버는 90만원 공기청정기를 무료로 받습니다 ㅋㅋㅋ,@최동혁-u2b,2022-01-12T12:32:23Z,0
267,엪취님은 LCK 보시나요?,@YORUSHIKA__,2022-01-12T12:31:52Z,0
268,나중에 반납도 아니고 그냥 가지라 줬다구요??,@민호-f3h,2022-01-12T12:31:39Z,2
269,"<a href=""https://www.youtube.com/watch?v=sWC-pp6CXpA&amp;t=664"">11:04</a> 두목님 푸흡ㅋㅋㅋㅋㅋㅋㅋㅋㅋㅋㅋㅋㅋㅋㅋㅋㅋㅋㅋㅋㅋㅋㅋㅋㅋㅋㅋㅋㅋㅋㅋ",@Evie0133,2022-01-12T12:29:25Z,0
270,바지 대충 접은거 ㄹㅇ 개열받네,@MrKwonchanwoo,2022-01-12T12:28:02Z,0
271,지금 저기 쿠팡링크로 주문해도  1+1 인가요??,@호각스각각이,2022-01-12T12:25:32Z,0
272,베인에서 드립칠것같길래 구르는걸 기대했는데 다크나이트라니....<br>이것도 머리부터 발끝까지 같은 부류인가,@marksmithcollins,2022-01-12T12:25:01Z,0
273,두목님이라고 하나더 준겁니까?? 아님 모든 구매자에게 다 원쁠원인가요? 후자면 지르러갑니다.....,@tomcat5311,2022-01-12T12:24:35Z,0
274,이왜진??,@윽우지우거지해장국,2022-01-12T12:24:28Z,0
275,이거 건물크기 정도로 만들어서 공기청정기 기능하면 대박일 것 같네요ㅋㅋㅋㅋㅋㅋ,@개리1,2022-01-12T12:23:04Z,1
276,필터 가는데 365일 걸립니다 한번갈고 봄철쓰시고 또 갈면 됩니다,@einlovers,2022-01-12T13:34:05Z,0
277,롯데랑 콜라보 했나 ㅋㅋ 왜 롯데월드타워랑 똑닮았누 ㅋㅋ<br>Seoul Sky X 전설의 LG   =   에어로타워,@APBOOR,2022-01-12T12:22:48Z,0
278,"광고 처음 봤을 때, 무슨 롯데월드타워 같이 만들었나 했는데 심지어 이름도 타워였음 ㅋㅋ<br>이건 뭐 대놓고 노린거지",@AYKGC,2022-01-12T12:19:47Z,1
279,썸네일 진짜 건물인줄 알았더..,@JohnBro_world,2022-01-12T12:16:09Z,0
280,에이수스 접는 노트북 리뷰 기대합니다 아니 판을 접는다고  그러면 키보드가 없고 터치?,@hyunjungpark6328,2022-01-12T12:15:09Z,0
281,아니 저거 켜지는 소리가 왜 그 사랑해요 LG의 사랑해요 부분으로 들리지? 기분탓인가?,@kumaleeworld,2022-01-12T12:13:25Z,0
282,뭐지...? 두목님 운동하시나요? 왤케 살빠진거같지,@enchou9801,2022-01-12T12:12:41Z,0
283,미쳤다... 내 집에 하나 장만하고 싶어지는 비주얼인데 자취방이라 있으면 뺨 맞겠지? ㅠㅠㅠㅠㅠ😭.......,@dori4529,2022-01-12T12:11:34Z,2
284,롯대 싸우론 타워 같다능 ㅎㅎㅎ,@CrazyCat1120,2022-01-12T12:11:29Z,0
285,형 집에서 신발신고 있는거 같아서 불편해,@woohj7649,2022-01-12T12:10:25Z,0
286,롯데월드타워 에디션 이군요 ㅋㅋ,@matthewlee6139,2022-01-12T12:10:11Z,0
287,두목님 야근중이시군,@ark12381,2022-01-12T12:09:20Z,0
288,이왜진?,@lkalinea2545,2022-01-12T12:07:28Z,0
289,LG : 아 우리가 배송지연 대처는 심성보단 잘하ㅈ,@_owo_,2022-01-12T12:06:45Z,3
290,인트로 개드립...자존심 상하지만 웃겼다ㅋㅋ,@중국스파이,2022-01-12T12:05:58Z,0
291,두목님 댓글 다시는거 보니까 오늘은 야근 하시나 보네요,@이동건-i1b,2022-01-12T12:04:57Z,1
292,고급스러워보이긴하네요,@jungyoogim1244,2022-01-12T12:02:53Z,0
293,이 가격이면 고급스러워야 하긴 해요 ㅠㅠㅠ,@Underkg,2022-01-12T12:03:33Z,0
294,가격보소 개창렬하네,@fojeri,2022-01-12T12:01:57Z,1
295,두목님 눈이 보일랑말랑,@정홍기-j3x,2022-01-12T12:01:13Z,0
296,"<a href=""https://www.youtube.com/watch?v=sWC-pp6CXpA&amp;t=176"">2:56</a> 기계와 대화하는 사람 : F717<br><a href=""https://www.youtube.com/watch?v=sWC-pp6CXpA&amp;t=249"">4:09</a> 이래도 안보는게 맞긴함<br><a href=""https://www.youtube.com/watch?v=sWC-pp6CXpA&amp;t=398"">6:38</a> 청정도 좋음 아래 문구 순간 흑우라고 봄 ㅋㅋ",@Stimpack_,2022-01-12T12:00:17Z,1
297,ㅋㅋㅋㅋㅋㅋㅋㅋㅋ 뭘 맞아 ㅋㅋㅋㅋㅋ,@Underkg,2022-01-12T12:03:45Z,0
298,@@Underkg 국룰아니겠습니까 ㅋㅋ,@Stimpack_,2022-01-12T12:06:08Z,0
299,중간에 눈달아서 사우론에디션 팔았으면 좋겠다 ㅋㅋㅋㅋㅋㅋ,@kimkim-uu6xo,2022-01-12T11:59:12Z,1
300,사업 아이템인 것 같아요? (솔깃),@Underkg,2022-01-12T12:02:58Z,1
301,그정도 기능에 그정도 디자인에 그정도 마감. 그러나 1개에 약 50만원짜리. 이건 쌉가성비 아닙니까 ㅋㅋㅋㅋㅋㅋ,@박박-d6z,2022-01-12T11:58:21Z,169
302,아니 원래 50만원이면 가성비인데 ㅋㅋㅋㅋㅋㅋㅋㅋ,@Underkg,2022-01-12T11:59:19Z,69
303,온풍 안되는건 흔하디 흔해서 30만원도 비싼거 같은데,@Unknown_BlackHole,2022-01-12T15:59:49Z,6
304,"솔직히 공기청정기가 필터 + 팬 + 센서 땡!!! 이라 제조원가 엄청 저렴할텐데... 괜히 이런 저런 기능 집어놓고 가격 뻥튀기...<br>인버터 벽걸이에어컨이 비싸야 100만원인데... 에어컨에 비하면 엄청 단순한 구조인 공청기를 에어컨 가격만큼 받아먹을 수 있으니...<br>요즘 가전 업체들은 공청기가 제조원가 대비 마진률 최고봉 효자 제품 일껍니다. 거기에 부가적으로 필터 판매 부수입까지...<br>그러니 생산 지연 된다고 하나를 더 줄수 있고, 거기에 소비자는 이제 필터를 2개를 구입해야하니, 장기전으로 보면 LG가 무조건 이득임",@titanic407,2022-01-12T17:18:36Z,29
305,ㅋㅋㅋㅋㅋㅋㅋㅋ옷 그 뭐지 건조해주는것도 그렇고 ㅋㅋㅋㅋㅋ요즘 LG너무 ......가격장난 심함.......열어보면 플라스ㄱ 삐그덕 삐그덕인데 100만원이러고,@물개튜브-d9y,2022-01-15T03:06:49Z,2
306,@@titanic407 디자인 ui 콜센터 인건비도 넣어야죠 ㅎ 아님 요즘 같은 세상에 외관 기판 수주 넣고 필터 모터 팬 붙여서 직접 만들면 그만...,@스펀지송-x3b,2022-02-13T17:56:25Z,0
307,두목님 왜 기계와 대화하는 비법이 뭐에요?!?!,@김윤종-s6r,2022-01-12T11:57:57Z,0
308,왜 뭐에요가 뭐야 ㅋㅋㅋㅋㅋ,@Underkg,2022-01-12T11:59:55Z,1
309,@@Underkg 오타에요 ㅋㅋ,@김윤종-s6r,2022-01-13T04:04:48Z,0
310,지금은 원플원 안하겠징,@dkqlghks,2022-01-12T11:57:46Z,0
311,그건 모르겠어요 ㅋㅋㅋㅋ,@Underkg,2022-01-12T11:59:37Z,0
312,송풍 모드 일때 일반 선풍기보다 더 좋나요?,@mincho_gokbob,2022-01-12T11:56:35Z,3
313,그런 느낌은 아닌 듯..,@Underkg,2022-01-12T11:59:31Z,2
314,리뷰가 안올라와서 다이슨 온풍기를 샀는데 ㅠㅠ,@초코초코-p9g,2022-01-12T11:55:19Z,0
315,온풍 모델은 아직 몰라요 ㅠ,@Underkg,2022-01-12T11:56:38Z,0
316,와... 원플원... lg 통크다,@LastVartican,2022-01-12T11:54:47Z,0
317,왜 준 건지 아직도 잘 모르겠음 ㅋㅋ,@Underkg,2022-01-12T12:00:38Z,0
318,lg : 본제품 1년후 도착<br>       ???,@Jelly-et8xe,2022-01-12T11:54:46Z,0
319,에이 설마 ㅋㅋㅋㅋㅋㅋㅋ,@Underkg,2022-01-12T11:56:49Z,0
320,두목호칭 점점 퍼져가는걸 보면 뿌듯합니다,@IIIINoahIIII,2022-01-12T11:51:51Z,1
321,깜짝이야 옆으로 퍼진다는줄,@Underkg,2022-01-12T12:00:06Z,3
322,정말이지 팬 넣고 회전 모터 넣고 센서 넣고 100만원....이건 좀 아니라고 봐,@jinhoung,2022-01-12T11:50:38Z,1
323,저도 100만원 할 제품인지는 아직 모르겠어요.,@Underkg,2022-01-12T11:59:00Z,0
324,형 내가 사두 원플원 되는거양!?!?,@바른생각-x1u,2022-01-12T11:47:51Z,1
325,지금도 줄지는 모르겠넴...;;,@Underkg,2022-01-12T12:04:54Z,0
326,@@Underkg 형이 답장주는거 너무 행복한걸♡,@바른생각-x1u,2022-01-12T12:09:07Z,0
327,두목님 실내에 신발신고 계시는거 유교드래곤이 꿈틀거려요,@AnjouFlorence,2022-01-12T11:45:48Z,0
328,사무실이야...,@Underkg,2022-01-12T11:51:18Z,1
329,썸네일도 잠실ㅋㅋㅋ,@megner,2022-01-12T11:44:42Z,0
330,석촌호수 깨끗해 지라고~,@Underkg,2022-01-12T11:54:46Z,0
331,"<a href=""https://www.youtube.com/watch?v=sWC-pp6CXpA&amp;t=414"">6:54</a> 영상에 두목님이 키우시는 고양이가 나왔네요^^",@닺,2022-01-12T11:44:36Z,1
332,미쳤나 ㅋㅋㅋㅋㅋㅋㅋㅋㅋㅋㅋㅋㅋㅋ,@Underkg,2022-01-12T11:51:54Z,0
333,감사히 쓰겠습니다~,@김동욱-b7z5i,2022-01-12T11:44:01Z,1
334,🙅‍♂️🙅‍♂️🙅‍♂️🙅‍♂️🙅‍♂️🙅‍♂️🙅‍♂️🙅‍♂️,@Underkg,2022-01-12T12:01:00Z,0
335,와...백만원짜리를 배송지연 미안하다고 주는회사가있네 ㅋㅋㅋ,@alescasalmon,2022-01-12T11:43:19Z,4
336,이유를 모르겠음 ㅋㅋㅋㅋㅋ,@Underkg,2022-01-12T11:49:51Z,0
337,유튜버니까...,@동전치료,2022-02-14T09:26:15Z,0
338,두목님 미안하지만 이 영상 조회수가 안 나올거 같지 않아..?,@주잉쏘,2022-01-12T11:40:45Z,0
339,잘 나오게 해줘봐 ㅋㅋㅋㅋㅋㅋㅋㅋㅋ,@Underkg,2022-01-12T11:51:27Z,1
340,@@Underkg 그래도 난 재밌게 봤어!!,@주잉쏘,2022-01-12T14:39:00Z,0
341,원인: 생산이 지연된다(납득할 수 있음)<br>결과: 하위 모델을 하나 그냥 가져가라(납득하기 다소 힘듦)<br>ㅋㅋㅋㅋㅋㅋㅋㅋㅋㅋ,@aeterna6012,2022-01-12T11:40:40Z,35
342,RED Hydrogen One 같은 건 워낙 심하게 지연됐으니까 이상해도 그런가보다 했는데 이건 ㅋㅋ,@Underkg,2022-01-12T11:50:09Z,3
343,ㅋㅋㅋㅋㅋㅋㅋㅋㅋㅋㅋㅋ,@seoul_yasking,2022-01-12T16:40:53Z,0
344,1+1 이라니 대박이네요 ㅋㅋㅋ,@sbakk311,2022-01-12T11:39:49Z,46
345,받으면서도 당황 ㅋㅋㅋ,@Underkg,2022-01-12T11:49:33Z,13
346,다이슨 퓨어 핫앤쿨이 가성비가 되어버렸어...ㅋㅋㅋㅋㅋㅋㅋㅋㅋ,@영영-q5v,2022-01-12T11:39:42Z,6
347,가성비 되는 법: 다른게 더 비싸진다,@Underkg,2022-01-12T11:50:21Z,2
348,아니 하나 더 준게 왤케 웃기지 ㅋㅋㅋ,@qwerty-gy1if,2022-01-12T11:38:09Z,0
349,나도 좋은데 웃겨 ㅋㅋㅋㅋㅋ,@Underkg,2022-01-12T11:53:15Z,0
350,UV는 눈에 안보입니다..,@seongju77,2022-01-12T11:36:27Z,0
351,네.. 그렇더라고요..,@Underkg,2022-01-12T11:51:12Z,1
352,그럴수있죠 ㅋㅋㅋㅋㅋ,@seongju77,2022-01-12T12:02:16Z,0
353,두목님 근데 이제 얼굴 낯익어서 안봐도 어떤 얼굴일지 상상되는데 왜 계속 가리시는거에요.  괜히 눈길 더 가요 ㅋㅋㅋㅋ,@gamja-bbang,2022-01-12T11:35:03Z,0
354,수줍어..,@Underkg,2022-01-12T11:54:38Z,0
355,역시 두목님이야. 기계랑 대화하는 능력까지 갖추셨어.,@rmstjdrj2,2022-01-12T11:34:09Z,14
356,나는 말을 걸고 기계는 듣지 않음,@Underkg,2022-01-12T11:37:46Z,7
357,두목님 안드로이드 화 ㄷㄷ,@Elon_msuk_,2022-01-12T13:55:58Z,0
358,사우론의 눈이 떠오르는 썸넬이였따...,@leesmond3313,2022-01-12T11:33:43Z,0
359,석촌호수 청정해진다,@Underkg,2022-01-12T11:53:52Z,0
360,아 나도 자석 찾고있었어요 ㅜㅠㅋㅋㅋㅋ,@jhSnowman,2022-01-12T11:33:15Z,3
361,ㅋㅋㅋㅋㅋㅋㅋ 나 이상한거 아니지?,@Underkg,2022-01-12T11:49:45Z,2
362,[속보]두목 전문성 의심 비발쳐 리모컨에서 자석을 찾는 희대의 실수로  은퇴 위기,@Downpours,2022-01-12T11:31:58Z,0
363,와  퓨리케어 산지 6개월도안되었는데  젠장 ㅠ ㅠ,@skulls7843,2022-01-12T11:31:14Z,1
364,어떤 퓨리케어?,@Underkg,2022-01-12T11:37:48Z,1
365,@@Underkg 퓨리케어 알파플러스 360 2단짜리욤,@skulls7843,2022-01-12T14:34:13Z,1
366,@@skulls7843 에어로타워 거실에서 쓰기는 너무 작아요ㅠㅠ 퓨리케어짱,@boomshakalaka3606,2022-02-05T12:53:35Z,0
367,LG는 냉장고도 잘 만들고 공기청정기도 잘 만들던데 이제 스마트폰 만들면 성공할듯,@Nexus1124,2022-01-12T11:30:53Z,54
368,진출하나요?,@Underkg,2022-01-12T11:32:41Z,41
369,아니다 이 악마야,@낭만주의자-d6n,2022-01-12T11:42:08Z,11
370,디스플레이가회전 한다던지 <br>듀얼스크린이 있다던지 <br>그런 색다른 휴대폰도 만들면 좋을듯,@민시박-l6h,2022-01-12T12:37:08Z,12
371,죽은 아들 불알 만지는…,@아니요-s4f,2022-01-12T12:49:35Z,0
372,요즘 업로드 주기가 짧아졌네요,@macarius04,2022-01-12T11:30:35Z,0
373,잘했쪙?,@Underkg,2022-01-12T11:36:59Z,1
374,"<a href=""https://www.youtube.com/watch?v=sWC-pp6CXpA&amp;t=219"">3:39</a> 체온 1도요? 에어컨 인가요?",@용훈-t5e,2022-01-12T11:29:34Z,0
375,송풍 모드로 놨을 때 그렇다는... 맞아 보니 바람이 좀 차갑긴 해요;;,@Underkg,2022-01-12T11:30:16Z,0
376,신발불편해...................................................................................................................................지만 영상보니사고싶어요,@shark_3815,2022-01-12T11:27:59Z,0
377,사무실이에욤....,@Underkg,2022-01-12T11:28:41Z,0
378,"<a href=""https://www.youtube.com/watch?v=sWC-pp6CXpA&amp;t=470"">7:50</a> 젠폰이 주인공입니다!",@nestd9397,2022-01-12T11:27:58Z,0
379,백만원짜리 사은품 ㅋㅎㅋㅋㅋ,@pudding_company,2022-01-12T11:27:28Z,0
380,5평까지밖에 케어가 안된다는게 아쉽넼ㅋㅋ,@esac5-wjsb-223,2022-01-12T11:27:06Z,1
381,덩치에 비해 왜 이런지 모르겠어요;,@Underkg,2022-01-12T11:29:49Z,0
382,혹시나 있을 되팔이 막으려고 허접(?)한 테이프를 겉에 둘러놓은 듯,@맹맹맹-s7p,2022-01-12T11:25:39Z,0
383,넹 뭐 본 제품도 이렇게 오면 그 때 삐져도 될 듯 ㅋ,@Underkg,2022-01-12T11:27:40Z,0
384,두목님 미국서타일 이신가요.<br>집에서 신발 신고 계시네...,@PPeach.,2022-01-12T11:25:22Z,0
385,사무실이여 ㅋㅋㅋㅋ,@Underkg,2022-01-12T11:26:57Z,0
386,"어이 lg, 이거 말고 퓨리케어 마스크나 빨리 출시해라 ㅡㅡ",@Town_Of_Windmill,2022-01-12T11:25:19Z,0
387,디자인이... 왜 자꾸 고데기로 보이는걸까...,@Melchior8829,2022-01-12T11:24:33Z,3
388,ㅋㅋㅋㅋㅋㅋ 여러가지 나오네 ㅋㅋㅋㅋ,@Underkg,2022-01-12T11:32:07Z,2
389,원플원ㅋㅋ 그만큼 리뷰를 잘 해달라는거지,@과학야스오,2022-01-12T11:24:31Z,1
390,나인지 어떻게 알고...??,@Underkg,2022-01-12T11:25:54Z,2
391,"@@Underkg  맞네..,..,,,",@과학야스오,2022-01-12T11:28:49Z,0
392,"<a href=""https://www.youtube.com/watch?v=sWC-pp6CXpA&amp;t=662"">11:02</a> 나도 낚였어요ㅋㅋㅋ 나도 바보가봐ㅠㅠ",@youngyang7879,2022-01-12T11:24:00Z,1
393,그쵸???? 제가 이상한거 아니죠???,@Underkg,2022-01-12T11:24:50Z,0
394,제목이 낚시일줄 알았는데 아니어서 놀랐던ㅋㅋ 아랫쪽 달랑달랑 신경 쓰였는데 비닐 씌워진거여서 넘 웃겼고요~~ 작동하는 모습 보니까 디자인도 예쁘고 좋아보여서 혹하네요!,@applelee5167,2022-01-12T11:23:26Z,93
395,저도 돌아가는거에서 마음이 좀 움직임 ㅋㅋ,@Underkg,2022-01-12T11:25:41Z,10
396,낚시 맞는데 ㅋㅋ,@sraqt,2022-01-13T16:24:58Z,1
397,아 현대 자동차도 본받아서<br>1+1 해주세요,@멀티백,2022-01-12T11:23:17Z,2
398,대신 달력을 드리겠습니다,@Underkg,2022-01-12T11:25:26Z,0
399,@@Underkg 아...안돼...,@멀티백,2022-01-12T11:34:18Z,0
400,생긴거에 비해 필터가 작네요,@Mist1113,2022-01-12T11:23:12Z,0
401,그래서 사실 밑부분의 원형이 있지 않을까 의심 중 ㅋㅋㅋㅋㅋ,@Underkg,2022-01-12T11:25:14Z,0
402,썸넬만 보고 롯데랑 콜라보한줄 ㅋㅋ,@이남규-w4c,2022-01-12T11:22:46Z,1
403,미세먼지 판독기,@Underkg,2022-01-12T11:31:18Z,0
404,"<a href=""https://www.youtube.com/watch?v=sWC-pp6CXpA&amp;t=446"">7:26</a> 두목이 몸으로 설명하면 대부분... 크흠..",@1Eagles1,2022-01-12T11:22:04Z,0
405,대부분 뭐!!,@Underkg,2022-01-12T11:37:10Z,1
406,"기계치 F717 <a href=""https://www.youtube.com/watch?v=sWC-pp6CXpA&amp;t=247"">4:07</a>",@RED.0215,2022-01-12T11:21:45Z,0
407,내가 기계치인 것이 아니고 기계가 나를 모르는 것,@Underkg,2022-01-12T11:30:42Z,2
408,@@Underkg ㅋㅋㅋ,@RED.0215,2022-01-12T11:43:32Z,0
409,LCK개막식인 시간에 언케영상을 보러 온나를 칭찬해주세요,@맥북_에어,2022-01-12T11:21:26Z,3
410,고마워요 ㅠㅠㅠㅠㅠ,@Underkg,2022-01-12T11:23:33Z,2
411,@@Underkg 감사해요 ㅠㅠ,@맥북_에어,2022-01-12T11:26:33Z,0
412,이게... 참 통이 당황스럽게 크네요 ㅋㅋ,@sh6h6h68,2022-01-12T11:20:40Z,1
413,그니까 ㅋㅋㅋㅋ 이게 뭐여,@Underkg,2022-01-12T11:23:40Z,0
414,LG 퓨리케어 롯데타워 콜라보레이션이군요! 즉시 구매해야겠어요!!,@LEITZ_we_leitz,2022-01-12T11:20:27Z,4
415,ㅋㅋㅋㅋㅋㅋㅋㅋㅋㅋㅋㅋㅋㅋㅋㅋ 그래 고데기보다는 롯데타워가 낫다..,@Underkg,2022-01-12T11:24:04Z,2
416,"와 이거 구매하고 싶었는데 아직 믿음이 안가서 기다리고 있었더니, 빨리구매하는게 이득이었네요 ㅋㅋ",@maleotter4393,2022-01-12T11:19:38Z,2
417,그니까요 ㅋㅋㅋㅋㅋ 이게 뭔 일,@Underkg,2022-01-12T11:23:22Z,5
418,큰 고데기 같기도 한것 같은데...,@유정수-x3n,2022-01-12T11:19:19Z,0
419,ㅋㅋㅋㅋㅋㅋㅋㅋ 그렇게 보이잖아 내 머리속에서 나가,@Underkg,2022-01-12T11:19:53Z,3
420,스마트폰 할때도 저렇게 해주지...,@엊쩔티비,2022-01-12T11:19:04Z,0
421,통큰 LG ㅋㅋㅋ,@애플은사과-u3e,2022-01-12T11:19:01Z,1
422,5평형 치곤 넘비싸영 ㅋㅋㅋ <br>저는 20년형 미사일같이생긴 2단 퓨리케어 360 쓰고 있어용<br>필터가 넘호 비싸여<br>그리고 바람이 춥긴 추워여..,@조문-d4v,2022-01-12T11:18:52Z,1
423,네 옆에 누워 있으니까 은근 추움;;,@Underkg,2022-01-12T11:23:50Z,0
424,"<a href=""https://www.youtube.com/watch?v=sWC-pp6CXpA&amp;t=461"">7:41</a> 오 메인폰 최종 결정 이후 젠폰 꺼내는거 처음봐요 ㅋㅋㅋ",@kdh213,2022-01-12T11:18:37Z,1
425,잉 그런가? ㅋㅋㅋㅋ,@Underkg,2022-01-12T11:20:01Z,0
426,사상 최초로 기계 눈치보는 언박싱ㅋㅋㅋㅋㅋㅋㅋㅋㅋㅋㅋㅋㅋㅋㅋㅋ,@Pindang2,2022-01-12T11:17:13Z,90
427,아니 비닐 안 뗐는데 들어가잖아 ㅋㅋㅋㅋ,@Underkg,2022-01-12T11:19:36Z,17
428,와 ㅋㅋㅋㅋ 지리네 100만원ㅉㅉㅉㅉ리 그냥 보냊ㅈㅈ주네 ㅋㅋㅋㅋㅋㅋㅋㅋㅋㅋㅋㅋㅋㅋ,@비공개-r2b,2022-01-12T11:17:09Z,0
429,좋긴 한데 이해가 안 됨 ㅋㅋㅋㅋ,@Underkg,2022-01-12T11:20:10Z,0
430,사이 공간에서 전기 나오게 생겼어요,@gibeom_lee,2022-01-12T11:16:10Z,1
431,ㅋㅋㅋㅋㅋㅋ 하여튼 뭔가 조금씩 본 것 같이 생김,@Underkg,2022-01-12T11:29:00Z,1
432,타워 기둥에 사우론의 눈 장착 마렵게 생겼네,@UCyYVc3AxlZven_g7bWPX4Xw,2022-01-12T11:15:55Z,2
433,ㅋㅋㅋㅋㅋ다들 같은 생각이넴,@Underkg,2022-01-12T11:54:10Z,0
434,가전제품이 원플원이면 개꿀인데!,@free_sun_ja,2022-01-12T11:15:45Z,0
435,개꿀!!,@Underkg,2022-01-12T11:37:58Z,0
436,원효대사 ㅋㅋㅋㅋㅋㅋ,@Onetouch_8708,2022-01-12T11:15:16Z,1
437,달랑거리는 라벨을 읽읍시다.,@Underkg,2022-01-12T11:26:39Z,0
438,세계최초 가전재품 1+1,@waterslimeapple,2022-01-12T11:14:53Z,0
439,이걸 원플원ㅋㅋㅋ,@김덜걱,2022-01-12T11:14:51Z,0
440,와 하나 사셨으니 하나 저희 주신다구요? 역시 대장님입니다,@spartamea5085,2022-01-12T11:14:12Z,27
441,🙅🙅🙅🙅🙅🙅🙅🙅🙅🙅,@Underkg,2022-01-12T11:33:08Z,15
442,@@Underkg 🙆🏻🙆🏻🙆🏻🙆🏻🙆🏻🙆🏻🙆🏻🙆🏻🙆🏻,@lililllllIIIIllll,2022-01-12T13:00:49Z,1
443,@@Underkg 🙆🙆🙆🙆🙆🙆🙆🙆🙆🙆🙆,@lsy9536,2022-01-12T14:49:34Z,1
444,@@Underkg 🙇🙇🙇🙇🙇🙇🙇🙇,@민시박-l6h,2022-01-12T15:25:17Z,1
445,오늘 인트로가 ㅋㅋㅋㅋㅋ 이번제품은 디자인이 되게 독특하네요 기능도 독특하구요 공기청정에 온풍이 될거라고는... 근데 하나를 꽁으로 받으시다니 ㅇㅅㅇ,@터보닷지,2022-01-12T11:13:53Z,1
446,넹 공기청정기 + 써큘레이터 + 온풍기 생각하면 될 듯.,@Underkg,2022-01-12T11:14:27Z,1
447,@@Underkg 얼떨결에 두개를 받으시는거네요 ㅋㅋㅋㅋ,@터보닷지,2022-01-12T11:15:10Z,0
448,롯데 월드타워 스피커,@RED.0215,2022-01-12T11:13:43Z,0
449,월드타워도 아니고 스피커도 아니잖아 ㅋㅋ,@Underkg,2022-01-12T11:25:01Z,0
450,이게 대기업 고객서비스지..,@황석현,2022-01-12T11:13:39Z,5
451,고맙긴 한데 왜인지 아직도 모르겠음 ㅋㅋ,@Underkg,2022-01-12T11:15:00Z,2
452,ㄷㄷㄷ,@support7168,2022-01-12T11:13:31Z,0
453,ㅋㅋㅋㅋㅋㅋ,@oo-user-oo,2022-01-12T11:13:26Z,0
454,픽셀....6....리뷰....,@fullnangman,2022-01-12T11:12:52Z,2
455,얼떨결에 원플원ㅋㅋㅋㅋㅋㅋㅋㅋㅋㅋ,@user_lyrics,2022-01-12T11:12:48Z,54
456,아직도 왜 이렇게 통 큰 선물을 줬는지 모르겠음 ㅋㅋ,@Underkg,2022-01-12T11:13:49Z,13
457,@@Underkg알고보니 잘못보내서 다시 내놓으라고 문자오면 ㅋㅋㅋㅋㅋ,@Cho_Seung_woo,2022-01-12T12:42:31Z,1
458,유튜버니까 줬겠죠...ㅎㅎ,@동전치료,2022-02-14T09:33:20Z,0
459,LCK 개막날인 중요한 시간에 언더케이지는 못참죠 ㅋㅋ,@jihoon0912,2022-01-12T11:12:18Z,15
460,의리 무엇,@Underkg,2022-01-12T11:14:01Z,7
461,이건 찐 의리다 ㅋㅋ,@ezis6060,2022-01-12T11:48:57Z,2
462,인트롴ㅋㅋㅋㅋㅋㅋㅋㅋㅋㅋㅋㅌㅋㅋㅋㅋㅌㅌㅋ,@SEOUL_BEARS2,2022-01-12T11:12:14Z,0
463,1빠다!!!! 좋아요 눌러 주세요 !!!!!,@shkim00,2022-01-12T11:12:13Z,0
464,하만카돈 스피커인줄...,@keuj517,2022-01-12T11:12:02Z,0
465,ㅋㅋㅋㅋ 싸이테이션?,@Underkg,2022-01-12T11:14:41Z,0
466,2등,@부엉이-j8z,2022-01-12T11:11:57Z,0
467,3,@bonghwanfan,2022-01-12T11:11:52Z,0
468,1,@펭구-q6o,2022-01-12T11:11:49Z,0
469,1등이네 ㅎㅎ,@애플은사과-u3e,2022-01-12T11:11:47Z,0
470,오,@테르밋,2022-01-12T11:11:44Z,0
471,와우,@xero_xero,2022-01-12T11:11:43Z,0
